date,model_equity
2006-03-15 00:00:00,1.0
2006-03-16 00:00:00,1.0
2006-03-17 00:00:00,1.0
2006-03-20 00:00:00,1.0
2006-03-21 00:00:00,1.0
2006-03-22 00:00:00,1.0
2006-03-23 00:00:00,1.0
2006-03-24 00:00:00,1.0
2006-03-27 00:00:00,1.0
2006-03-28 00:00:00,1.0
2006-03-29 00:00:00,1.0
2006-03-30 00:00:00,1.0
2006-03-31 00:00:00,1.0
2006-04-03 00:00:00,1.0
2006-04-04 00:00:00,1.0
2006-04-05 00:00:00,1.0
2006-04-06 00:00:00,1.0
2006-04-07 00:00:00,1.0
2006-04-10 00:00:00,1.0
2006-04-11 00:00:00,1.0
2006-04-12 00:00:00,1.0
2006-04-13 00:00:00,1.0
2006-04-17 00:00:00,1.0
2006-04-18 00:00:00,1.0
2006-04-19 00:00:00,1.0
2006-04-20 00:00:00,1.0
2006-04-21 00:00:00,1.0
2006-04-24 00:00:00,1.0
2006-04-25 00:00:00,1.0
2006-04-26 00:00:00,1.0
2006-04-27 00:00:00,1.0
2006-04-28 00:00:00,1.0
2006-05-01 00:00:00,1.0
2006-05-02 00:00:00,1.0
2006-05-03 00:00:00,1.0
2006-05-04 00:00:00,1.0
2006-05-05 00:00:00,1.0
2006-05-08 00:00:00,1.0
2006-05-09 00:00:00,1.0
2006-05-10 00:00:00,1.0
2006-05-11 00:00:00,1.0
2006-05-12 00:00:00,1.0
2006-05-15 00:00:00,1.0
2006-05-16 00:00:00,1.0
2006-05-17 00:00:00,1.0
2006-05-18 00:00:00,1.0
2006-05-19 00:00:00,1.0
2006-05-22 00:00:00,1.0
2006-05-23 00:00:00,1.0
2006-05-24 00:00:00,1.0
2006-05-25 00:00:00,1.0
2006-05-26 00:00:00,1.0
2006-05-30 00:00:00,1.0
2006-05-31 00:00:00,1.0
2006-06-01 00:00:00,1.0
2006-06-02 00:00:00,1.0
2006-06-05 00:00:00,1.0
2006-06-06 00:00:00,1.0
2006-06-07 00:00:00,1.0
2006-06-08 00:00:00,1.0
2006-06-09 00:00:00,1.0
2006-06-12 00:00:00,1.0
2006-06-13 00:00:00,1.0
2006-06-14 00:00:00,1.0
2006-06-15 00:00:00,1.0
2006-06-16 00:00:00,1.0
2006-06-19 00:00:00,1.0
2006-06-20 00:00:00,1.0
2006-06-21 00:00:00,1.0
2006-06-22 00:00:00,1.0
2006-06-23 00:00:00,1.0
2006-06-26 00:00:00,1.0
2006-06-27 00:00:00,1.0
2006-06-28 00:00:00,1.0
2006-06-29 00:00:00,1.0
2006-06-30 00:00:00,1.0
2006-07-03 00:00:00,1.0
2006-07-05 00:00:00,1.0
2006-07-06 00:00:00,1.0
2006-07-07 00:00:00,1.0
2006-07-10 00:00:00,1.0
2006-07-11 00:00:00,1.0
2006-07-12 00:00:00,1.0
2006-07-13 00:00:00,1.0
2006-07-14 00:00:00,1.0
2006-07-17 00:00:00,1.0
2006-07-18 00:00:00,1.0
2006-07-19 00:00:00,1.0
2006-07-20 00:00:00,1.0
2006-07-21 00:00:00,1.0
2006-07-24 00:00:00,1.0
2006-07-25 00:00:00,1.0
2006-07-26 00:00:00,1.0
2006-07-27 00:00:00,1.0
2006-07-28 00:00:00,1.0
2006-07-31 00:00:00,1.0
2006-08-01 00:00:00,1.0
2006-08-02 00:00:00,1.0
2006-08-03 00:00:00,1.0
2006-08-04 00:00:00,1.0
2006-08-07 00:00:00,1.0
2006-08-08 00:00:00,1.0
2006-08-09 00:00:00,1.0
2006-08-10 00:00:00,1.0
2006-08-11 00:00:00,1.0
2006-08-14 00:00:00,1.0
2006-08-15 00:00:00,1.0
2006-08-16 00:00:00,1.0
2006-08-17 00:00:00,1.0
2006-08-18 00:00:00,1.0
2006-08-21 00:00:00,1.0
2006-08-22 00:00:00,1.0
2006-08-23 00:00:00,1.0
2006-08-24 00:00:00,1.0
2006-08-25 00:00:00,1.0
2006-08-28 00:00:00,1.0
2006-08-29 00:00:00,1.0
2006-08-30 00:00:00,1.0
2006-08-31 00:00:00,1.0
2006-09-01 00:00:00,1.0
2006-09-05 00:00:00,1.0
2006-09-06 00:00:00,1.0
2006-09-07 00:00:00,1.0
2006-09-08 00:00:00,1.0
2006-09-11 00:00:00,1.0
2006-09-12 00:00:00,1.0
2006-09-13 00:00:00,1.0
2006-09-14 00:00:00,1.0
2006-09-15 00:00:00,1.0
2006-09-18 00:00:00,1.0
2006-09-19 00:00:00,1.0
2006-09-20 00:00:00,1.0
2006-09-21 00:00:00,1.0
2006-09-22 00:00:00,1.0
2006-09-25 00:00:00,1.0
2006-09-26 00:00:00,1.0
2006-09-27 00:00:00,1.0
2006-09-28 00:00:00,1.0
2006-09-29 00:00:00,1.0
2006-10-02 00:00:00,1.0
2006-10-03 00:00:00,1.0
2006-10-04 00:00:00,1.0
2006-10-05 00:00:00,1.0
2006-10-06 00:00:00,1.0
2006-10-09 00:00:00,1.0
2006-10-10 00:00:00,1.0
2006-10-11 00:00:00,1.0
2006-10-12 00:00:00,1.0
2006-10-13 00:00:00,1.0
2006-10-16 00:00:00,1.0
2006-10-17 00:00:00,1.0
2006-10-18 00:00:00,1.0
2006-10-19 00:00:00,1.0
2006-10-20 00:00:00,1.0
2006-10-23 00:00:00,1.0
2006-10-24 00:00:00,1.0
2006-10-25 00:00:00,1.0
2006-10-26 00:00:00,1.0
2006-10-27 00:00:00,1.0
2006-10-30 00:00:00,1.0
2006-10-31 00:00:00,1.0
2006-11-01 00:00:00,1.0
2006-11-02 00:00:00,1.0
2006-11-03 00:00:00,1.0
2006-11-06 00:00:00,1.0
2006-11-07 00:00:00,1.0
2006-11-08 00:00:00,1.0
2006-11-09 00:00:00,1.0
2006-11-10 00:00:00,1.0
2006-11-13 00:00:00,1.0
2006-11-14 00:00:00,1.0
2006-11-15 00:00:00,1.0
2006-11-16 00:00:00,1.0
2006-11-17 00:00:00,1.0
2006-11-20 00:00:00,1.0
2006-11-21 00:00:00,1.0
2006-11-22 00:00:00,1.0
2006-11-24 00:00:00,1.0
2006-11-27 00:00:00,1.0
2006-11-28 00:00:00,1.0
2006-11-29 00:00:00,1.0
2006-11-30 00:00:00,1.0
2006-12-01 00:00:00,1.0
2006-12-04 00:00:00,1.0
2006-12-05 00:00:00,1.0
2006-12-06 00:00:00,1.0
2006-12-07 00:00:00,1.0
2006-12-08 00:00:00,1.0
2006-12-11 00:00:00,1.0
2006-12-12 00:00:00,1.0
2006-12-13 00:00:00,1.0
2006-12-14 00:00:00,1.0
2006-12-15 00:00:00,1.0
2006-12-18 00:00:00,1.0
2006-12-19 00:00:00,1.0
2006-12-20 00:00:00,1.0
2006-12-21 00:00:00,1.0
2006-12-22 00:00:00,1.0
2006-12-26 00:00:00,1.0
2006-12-27 00:00:00,1.0
2006-12-28 00:00:00,1.0
2006-12-29 00:00:00,1.0
2007-01-03 00:00:00,1.0
2007-01-04 00:00:00,1.0
2007-01-05 00:00:00,1.0
2007-01-08 00:00:00,1.0
2007-01-09 00:00:00,1.0
2007-01-10 00:00:00,1.0
2007-01-11 00:00:00,1.0
2007-01-12 00:00:00,1.0
2007-01-16 00:00:00,1.0
2007-01-17 00:00:00,1.0
2007-01-18 00:00:00,1.0
2007-01-19 00:00:00,1.0
2007-01-22 00:00:00,1.0
2007-01-23 00:00:00,1.0
2007-01-24 00:00:00,1.0
2007-01-25 00:00:00,1.0
2007-01-26 00:00:00,1.0
2007-01-29 00:00:00,1.0
2007-01-30 00:00:00,1.0
2007-01-31 00:00:00,1.0
2007-02-01 00:00:00,1.0
2007-02-02 00:00:00,1.0
2007-02-05 00:00:00,1.0
2007-02-06 00:00:00,1.0
2007-02-07 00:00:00,1.0
2007-02-08 00:00:00,1.0
2007-02-09 00:00:00,1.0
2007-02-12 00:00:00,1.0
2007-02-13 00:00:00,1.0
2007-02-14 00:00:00,1.0
2007-02-15 00:00:00,1.0
2007-02-16 00:00:00,1.0
2007-02-20 00:00:00,1.0
2007-02-21 00:00:00,1.0
2007-02-22 00:00:00,1.0
2007-02-23 00:00:00,1.0
2007-02-26 00:00:00,1.0
2007-02-27 00:00:00,1.0
2007-02-28 00:00:00,1.0
2007-03-01 00:00:00,1.0
2007-03-02 00:00:00,1.0
2007-03-05 00:00:00,1.0
2007-03-06 00:00:00,1.0
2007-03-07 00:00:00,1.0
2007-03-08 00:00:00,1.0
2007-03-09 00:00:00,1.0
2007-03-12 00:00:00,1.0
2007-03-13 00:00:00,1.0
2007-03-14 00:00:00,1.0
2007-03-15 00:00:00,1.0
2007-03-16 00:00:00,1.0
2007-03-19 00:00:00,1.0
2007-03-20 00:00:00,1.0
2007-03-21 00:00:00,1.0
2007-03-22 00:00:00,1.0
2007-03-23 00:00:00,1.0
2007-03-26 00:00:00,1.0
2007-03-27 00:00:00,1.0
2007-03-28 00:00:00,1.0
2007-03-29 00:00:00,1.0
2007-03-30 00:00:00,1.0
2007-04-02 00:00:00,1.0095384715905773
2007-04-03 00:00:00,1.0098142551138112
2007-04-04 00:00:00,1.0145455618383807
2007-04-05 00:00:00,1.0257790800952085
2007-04-09 00:00:00,1.0286619169172728
2007-04-10 00:00:00,1.0355818592945745
2007-04-11 00:00:00,1.0325576696024146
2007-04-12 00:00:00,1.0365940371593154
2007-04-13 00:00:00,1.0397875210418852
2007-04-16 00:00:00,1.0515352026048377
2007-04-17 00:00:00,1.0520098549197696
2007-04-18 00:00:00,1.0471196194145087
2007-04-19 00:00:00,1.0363279588812464
2007-04-20 00:00:00,1.0480295015660164
2007-04-23 00:00:00,1.0499936558481735
2007-04-24 00:00:00,1.0852164170984948
2007-04-25 00:00:00,1.0991128546565916
2007-04-26 00:00:00,1.1052690125580547
2007-04-27 00:00:00,1.1159568420924209
2007-04-30 00:00:00,1.1013582601210345
2007-05-01 00:00:00,1.1025964428330688
2007-05-02 00:00:00,1.1101291487865175
2007-05-03 00:00:00,1.1227837940892684
2007-05-04 00:00:00,1.1425512718679713
2007-05-07 00:00:00,1.144119871526599
2007-05-08 00:00:00,1.1409667867045639
2007-05-09 00:00:00,1.1338538575596606
2007-05-10 00:00:00,1.1086495779128733
2007-05-11 00:00:00,1.1279750409451015
2007-05-14 00:00:00,1.1218898591736535
2007-05-15 00:00:00,1.1178871382169109
2007-05-16 00:00:00,1.1279584952493886
2007-05-17 00:00:00,1.1270821216455356
2007-05-18 00:00:00,1.1436402409350026
2007-05-21 00:00:00,1.160040162068961
2007-05-22 00:00:00,1.1636383253806941
2007-05-23 00:00:00,1.1583990579514705
2007-05-24 00:00:00,1.1370958945854994
2007-05-25 00:00:00,1.1435195439112678
2007-05-29 00:00:00,1.1506638048826214
2007-05-30 00:00:00,1.1553492996808892
2007-05-31 00:00:00,1.162934703788899
2007-06-01 00:00:00,1.1642168067690066
2007-06-04 00:00:00,1.1754255894905885
2007-06-05 00:00:00,1.1733219796263548
2007-06-06 00:00:00,1.1610864886912453
2007-06-07 00:00:00,1.1296662477403334
2007-06-08 00:00:00,1.1423530503360306
2007-06-11 00:00:00,1.141120120949514
2007-06-12 00:00:00,1.1423456103213594
2007-06-13 00:00:00,1.1534173696178935
2007-06-14 00:00:00,1.1695351526953968
2007-06-15 00:00:00,1.1937704051595726
2007-06-18 00:00:00,1.2018612704111014
2007-06-19 00:00:00,1.2095686412149778
2007-06-20 00:00:00,1.1976712434121777
2007-06-21 00:00:00,1.2066520795721187
2007-06-22 00:00:00,1.2001560427194007
2007-06-25 00:00:00,1.1797558338993506
2007-06-26 00:00:00,1.1708790398143512
2007-06-27 00:00:00,1.1848862807834928
2007-06-28 00:00:00,1.190161332524073
2007-06-29 00:00:00,1.1977267714086135
2007-07-02 00:00:00,1.211459040999573
2007-07-03 00:00:00,1.2180910439983508
2007-07-05 00:00:00,1.226116255457327
2007-07-06 00:00:00,1.2410391874213804
2007-07-09 00:00:00,1.2461486440448908
2007-07-10 00:00:00,1.2331598746408847
2007-07-11 00:00:00,1.2471843226071677
2007-07-12 00:00:00,1.2765435064548816
2007-07-13 00:00:00,1.286990591913389
2007-07-16 00:00:00,1.2880067783039475
2007-07-17 00:00:00,1.2844311101197061
2007-07-18 00:00:00,1.27183732102974
2007-07-19 00:00:00,1.2794023094268772
2007-07-20 00:00:00,1.2696493913675793
2007-07-23 00:00:00,1.267587489197544
2007-07-24 00:00:00,1.2270739206025953
2007-07-25 00:00:00,1.2437381208766491
2007-07-26 00:00:00,1.2359700773799387
2007-07-27 00:00:00,1.217292311727037
2007-07-30 00:00:00,1.2543043699147984
2007-07-31 00:00:00,1.2293971519120577
2007-08-01 00:00:00,1.1996622954861496
2007-08-02 00:00:00,1.20975648402317
2007-08-03 00:00:00,1.1724018942451044
2007-08-06 00:00:00,1.1912595998247266
2007-08-07 00:00:00,1.208192302317979
2007-08-08 00:00:00,1.2331689840526532
2007-08-09 00:00:00,1.1821163880637835
2007-08-10 00:00:00,1.1682585402500887
2007-08-13 00:00:00,1.1755799531098043
2007-08-14 00:00:00,1.1620449157985278
2007-08-15 00:00:00,1.1299919285382363
2007-08-16 00:00:00,1.1122041190991936
2007-08-17 00:00:00,1.1338777985049238
2007-08-20 00:00:00,1.1497622874911806
2007-08-21 00:00:00,1.1818241158642626
2007-08-22 00:00:00,1.2060443897517599
2007-08-23 00:00:00,1.2067588169824826
2007-08-24 00:00:00,1.2211067336624297
2007-08-27 00:00:00,1.2158945897370101
2007-08-28 00:00:00,1.1760037737265288
2007-08-29 00:00:00,1.2085055558372295
2007-08-30 00:00:00,1.2070521707465878
2007-08-31 00:00:00,1.2378547078545519
2007-09-04 00:00:00,1.2580373017769075
2007-09-05 00:00:00,1.2410121578985556
2007-09-06 00:00:00,1.2526962871362555
2007-09-07 00:00:00,1.223259524812646
2007-09-10 00:00:00,1.2218778952788272
2007-09-11 00:00:00,1.243724385799402
2007-09-12 00:00:00,1.2516605705171617
2007-09-13 00:00:00,1.2631174194015804
2007-09-14 00:00:00,1.2631870192870451
2007-09-17 00:00:00,1.2665415878990938
2007-09-18 00:00:00,1.3165983268187667
2007-09-19 00:00:00,1.3352438401181994
2007-09-20 00:00:00,1.3356938346348899
2007-09-21 00:00:00,1.3450904969639692
2007-09-24 00:00:00,1.3541757817227211
2007-09-25 00:00:00,1.3744570301925276
2007-09-26 00:00:00,1.3731509347340913
2007-09-27 00:00:00,1.3871045522609176
2007-09-28 00:00:00,1.3807102925724835
2007-10-01 00:00:00,1.3896227500597627
2007-10-02 00:00:00,1.4160807154103436
2007-10-03 00:00:00,1.4187226477689066
2007-10-04 00:00:00,1.4160962806237625
2007-10-05 00:00:00,1.4388819075995398
2007-10-08 00:00:00,1.4550763510274636
2007-10-09 00:00:00,1.4506738579857683
2007-10-10 00:00:00,1.4696615992427062
2007-10-11 00:00:00,1.4239634952725364
2007-10-12 00:00:00,1.4455635682098091
2007-10-15 00:00:00,1.4356557974349182
2007-10-16 00:00:00,1.4197770849545794
2007-10-17 00:00:00,1.4319427486740897
2007-10-18 00:00:00,1.4520927244110784
2007-10-19 00:00:00,1.4294006346360453
2007-10-22 00:00:00,1.4381419040292422
2007-10-23 00:00:00,1.507366363214595
2007-10-24 00:00:00,1.4737168223734554
2007-10-25 00:00:00,1.4729824012120722
2007-10-26 00:00:00,1.4988631695349484
2007-10-29 00:00:00,1.5161706276817841
2007-10-30 00:00:00,1.5015725353217888
2007-10-31 00:00:00,1.5396639452044636
2007-11-01 00:00:00,1.5185846785013
2007-11-02 00:00:00,1.527321850415883
2007-11-05 00:00:00,1.508925699457938
2007-11-06 00:00:00,1.5387312508150344
2007-11-07 00:00:00,1.507817848267752
2007-11-08 00:00:00,1.4528213120185238
2007-11-09 00:00:00,1.4245300484350236
2007-11-12 00:00:00,1.3459567689322223
2007-11-13 00:00:00,1.425207960816517
2007-11-14 00:00:00,1.4362341141325723
2007-11-15 00:00:00,1.4149423151269531
2007-11-16 00:00:00,1.4076398141753657
2007-11-19 00:00:00,1.3819761078789743
2007-11-20 00:00:00,1.4041948898555847
2007-11-21 00:00:00,1.38197081210535
2007-11-23 00:00:00,1.4080673730288988
2007-11-26 00:00:00,1.4223010515127492
2007-11-27 00:00:00,1.4515917265671143
2007-11-28 00:00:00,1.5295775746759224
2007-11-29 00:00:00,1.541399696344825
2007-11-30 00:00:00,1.552213948952324
2007-12-03 00:00:00,1.5577753013548679
2007-12-04 00:00:00,1.559284926751804
2007-12-05 00:00:00,1.5804142906020298
2007-12-06 00:00:00,1.60788394825524
2007-12-07 00:00:00,1.6143191456511043
2007-12-10 00:00:00,1.6210219918426354
2007-12-11 00:00:00,1.5765179462579433
2007-12-12 00:00:00,1.5908605571345844
2007-12-13 00:00:00,1.5735584083900458
2007-12-14 00:00:00,1.5643913561562788
2007-12-17 00:00:00,1.4872473351130613
2007-12-18 00:00:00,1.5086879019618893
2007-12-19 00:00:00,1.5187127147164297
2007-12-20 00:00:00,1.535956023557494
2007-12-21 00:00:00,1.5632215151058255
2007-12-24 00:00:00,1.582409485057823
2007-12-26 00:00:00,1.6077017034833472
2007-12-27 00:00:00,1.5999724317814925
2007-12-28 00:00:00,1.5964463572894418
2007-12-31 00:00:00,1.5835713694965559
2008-01-02 00:00:00,1.5826010884485622
2008-01-03 00:00:00,1.5833762976999028
2008-01-04 00:00:00,1.4969657476956852
2008-01-07 00:00:00,1.4623075634382394
2008-01-08 00:00:00,1.4196477366868006
2008-01-09 00:00:00,1.4289409953514662
2008-01-10 00:00:00,1.4362302439847034
2008-01-11 00:00:00,1.3919141568733822
2008-01-14 00:00:00,1.4276923711750655
2008-01-15 00:00:00,1.3815680205523064
2008-01-16 00:00:00,1.3397124179314033
2008-01-17 00:00:00,1.2978328372710772
2008-01-18 00:00:00,1.31291633588861
2008-01-22 00:00:00,1.3104830254989595
2008-01-23 00:00:00,1.318396728471854
2008-01-24 00:00:00,1.3785551003575687
2008-01-25 00:00:00,1.3476089495827783
2008-01-28 00:00:00,1.3376998187788116
2008-01-29 00:00:00,1.297017546713521
2008-01-30 00:00:00,1.2837560005842426
2008-01-31 00:00:00,1.3408877690599266
2008-02-01 00:00:00,1.3808456544177885
2008-02-04 00:00:00,1.3643940745566934
2008-02-05 00:00:00,1.318479728227125
2008-02-06 00:00:00,1.2761686149003557
2008-02-07 00:00:00,1.2958194831388712
2008-02-08 00:00:00,1.3092100263543531
2008-02-11 00:00:00,1.3374166983647384
2008-02-12 00:00:00,1.3290718408845286
2008-02-13 00:00:00,1.3625956896234346
2008-02-14 00:00:00,1.3462822234911298
2008-02-15 00:00:00,1.3860043153373265
2008-02-19 00:00:00,1.3731531232820697
2008-02-20 00:00:00,1.3893863842829526
2008-02-21 00:00:00,1.3667731429386496
2008-02-22 00:00:00,1.380780375133252
2008-02-25 00:00:00,1.3864076757141022
2008-02-26 00:00:00,1.3938588826759337
2008-02-27 00:00:00,1.3978746454327209
2008-02-28 00:00:00,1.4058186550340683
2008-02-29 00:00:00,1.3556576659766055
2008-03-03 00:00:00,1.3659730238645877
2008-03-04 00:00:00,1.354877373267808
2008-03-05 00:00:00,1.378261142306209
2008-03-06 00:00:00,1.3540509278159707
2008-03-07 00:00:00,1.326072360331247
2008-03-10 00:00:00,1.2928754371310904
2008-03-11 00:00:00,1.3404964184305521
2008-03-12 00:00:00,1.3556410330466067
2008-03-13 00:00:00,1.3897309173161427
2008-03-14 00:00:00,1.382569253527412
2008-03-17 00:00:00,1.3159151402448475
2008-03-18 00:00:00,1.3600505176769726
2008-03-19 00:00:00,1.297956770280042
2008-03-20 00:00:00,1.3122314110186342
2008-03-24 00:00:00,1.351675332061902
2008-03-25 00:00:00,1.3719414799941825
2008-03-26 00:00:00,1.3876645115423532
2008-03-27 00:00:00,1.3620409268881222
2008-03-28 00:00:00,1.377158651504755
2008-03-31 00:00:00,1.3704651924483569
2008-04-01 00:00:00,1.4179937866584533
2008-04-02 00:00:00,1.4198077671013276
2008-04-03 00:00:00,1.4289228291365585
2008-04-04 00:00:00,1.4410481952737568
2008-04-07 00:00:00,1.4464716055060858
2008-04-08 00:00:00,1.4549136061169134
2008-04-09 00:00:00,1.4451319937730336
2008-04-10 00:00:00,1.463242526645573
2008-04-11 00:00:00,1.4248473465847769
2008-04-14 00:00:00,1.424415634598818
2008-04-15 00:00:00,1.4270875514820596
2008-04-16 00:00:00,1.4734456807904337
2008-04-17 00:00:00,1.4646530715302977
2008-04-18 00:00:00,1.4515698377053616
2008-04-21 00:00:00,1.4674507146575733
2008-04-22 00:00:00,1.4313317407824027
2008-04-23 00:00:00,1.4548980412207166
2008-04-24 00:00:00,1.4349275194841924
2008-04-25 00:00:00,1.454039388826012
2008-04-28 00:00:00,1.4266725002076706
2008-04-29 00:00:00,1.4471877264709794
2008-04-30 00:00:00,1.4573436144018825
2008-05-01 00:00:00,1.4662489337804996
2008-05-02 00:00:00,1.4595625519768127
2008-05-05 00:00:00,1.4894123909703498
2008-05-06 00:00:00,1.5020816353870157
2008-05-07 00:00:00,1.4659981182122208
2008-05-08 00:00:00,1.482635134812778
2008-05-09 00:00:00,1.4861180175410467
2008-05-12 00:00:00,1.5059866540860696
2008-05-13 00:00:00,1.5123558135699222
2008-05-14 00:00:00,1.4988630536266232
2008-05-15 00:00:00,1.5133367913586562
2008-05-16 00:00:00,1.5217256925168157
2008-05-19 00:00:00,1.5113667205321062
2008-05-20 00:00:00,1.5154479525081082
2008-05-21 00:00:00,1.4860504478561183
2008-05-22 00:00:00,1.4736839989953348
2008-05-23 00:00:00,1.4625018745641438
2008-05-27 00:00:00,1.469022393784381
2008-05-28 00:00:00,1.4896543429974813
2008-05-29 00:00:00,1.4971839145955932
2008-05-30 00:00:00,1.5069873441290385
2008-06-02 00:00:00,1.5056372661375426
2008-06-03 00:00:00,1.492683355326962
2008-06-04 00:00:00,1.4812334165188767
2008-06-05 00:00:00,1.5297824883243032
2008-06-06 00:00:00,1.5106028429090503
2008-06-09 00:00:00,1.5089793239219653
2008-06-10 00:00:00,1.4726207389319628
2008-06-11 00:00:00,1.4556307474933072
2008-06-12 00:00:00,1.4493298826071739
2008-06-13 00:00:00,1.4759176360421593
2008-06-16 00:00:00,1.491722544034622
2008-06-17 00:00:00,1.5015881377494233
2008-06-18 00:00:00,1.4988342959776462
2008-06-19 00:00:00,1.4999618301954643
2008-06-20 00:00:00,1.4821123643495488
2008-06-23 00:00:00,1.4902727292815707
2008-06-24 00:00:00,1.4648936655122353
2008-06-25 00:00:00,1.4780780488836742
2008-06-26 00:00:00,1.458671629051966
2008-06-27 00:00:00,1.4723849568476788
2008-06-30 00:00:00,1.4674951316964668
2008-07-01 00:00:00,1.4755161831114356
2008-07-02 00:00:00,1.4400520754311374
2008-07-03 00:00:00,1.4175595519450708
2008-07-07 00:00:00,1.3872417270600768
2008-07-08 00:00:00,1.3960573991070433
2008-07-09 00:00:00,1.3629545397691554
2008-07-10 00:00:00,1.3965829949101847
2008-07-11 00:00:00,1.3955169666966076
2008-07-14 00:00:00,1.402614593439142
2008-07-15 00:00:00,1.3648138564211962
2008-07-16 00:00:00,1.3625634970232836
2008-07-17 00:00:00,1.3342733875569799
2008-07-18 00:00:00,1.3391258593381663
2008-07-21 00:00:00,1.352312343800993
2008-07-22 00:00:00,1.3237935037430542
2008-07-23 00:00:00,1.3113990516631635
2008-07-24 00:00:00,1.28713453739734
2008-07-25 00:00:00,1.2936323966135985
2008-07-28 00:00:00,1.2898985722881164
2008-07-29 00:00:00,1.2835833921147357
2008-07-30 00:00:00,1.3100676826962347
2008-07-31 00:00:00,1.276075973858112
2008-08-01 00:00:00,1.2605264446867226
2008-08-04 00:00:00,1.2463903150537912
2008-08-05 00:00:00,1.2525325550677668
2008-08-06 00:00:00,1.24868180490791
2008-08-07 00:00:00,1.2224711953234944
2008-08-08 00:00:00,1.237967196204023
2008-08-11 00:00:00,1.2449652590857212
2008-08-12 00:00:00,1.2364468198364367
2008-08-13 00:00:00,1.2371296970694678
2008-08-14 00:00:00,1.2445117367153105
2008-08-15 00:00:00,1.2389735396611834
2008-08-18 00:00:00,1.22359563981672
2008-08-19 00:00:00,1.218199137465685
2008-08-20 00:00:00,1.2321135650753268
2008-08-21 00:00:00,1.2154517524967268
2008-08-22 00:00:00,1.2214175960782778
2008-08-25 00:00:00,1.2055187717922495
2008-08-26 00:00:00,1.196773799957206
2008-08-27 00:00:00,1.204012580877728
2008-08-28 00:00:00,1.2120041621872188
2008-08-29 00:00:00,1.2087317074840087
2008-09-02 00:00:00,1.1954509482191855
2008-09-03 00:00:00,1.1811089529287013
2008-09-04 00:00:00,1.1539482044225524
2008-09-05 00:00:00,1.1466286585517957
2008-09-08 00:00:00,1.1522099806320298
2008-09-09 00:00:00,1.1102719450925211
2008-09-10 00:00:00,1.125604542117128
2008-09-11 00:00:00,1.1449909376927818
2008-09-12 00:00:00,1.140046541760406
2008-09-15 00:00:00,1.1029321847606468
2008-09-16 00:00:00,1.1132311857185284
2008-09-17 00:00:00,1.0697953482909193
2008-09-18 00:00:00,1.1033709113995724
2008-09-19 00:00:00,1.1363350968017825
2008-09-22 00:00:00,1.0891819285654774
2008-09-23 00:00:00,1.0798611006102832
2008-09-24 00:00:00,1.0809054722235014
2008-09-25 00:00:00,1.094658097225402
2008-09-26 00:00:00,1.0921525668851124
2008-09-29 00:00:00,1.0277870065627877
2008-09-30 00:00:00,1.0617099368124887
2008-10-01 00:00:00,1.0464960000780332
2008-10-02 00:00:00,1.0177882703479506
2008-10-03 00:00:00,1.0188888502910354
2008-10-06 00:00:00,0.9739897489849373
2008-10-07 00:00:00,0.9277862600430191
2008-10-08 00:00:00,0.9086762933187016
2008-10-09 00:00:00,0.8536909018945632
2008-10-10 00:00:00,0.8441162954954481
2008-10-13 00:00:00,0.9062684174474847
2008-10-14 00:00:00,0.9104718132220119
2008-10-15 00:00:00,0.8541583807379717
2008-10-16 00:00:00,0.8776371059948311
2008-10-17 00:00:00,0.8804966354777337
2008-10-20 00:00:00,0.9125463709765537
2008-10-21 00:00:00,0.9049098781320268
2008-10-22 00:00:00,0.8617900643307479
2008-10-23 00:00:00,0.862799209521086
2008-10-24 00:00:00,0.8336123417801414
2008-10-27 00:00:00,0.8075877249819056
2008-10-28 00:00:00,0.8819347301320415
2008-10-29 00:00:00,0.9097167360301514
2008-10-30 00:00:00,0.9515933347083457
2008-10-31 00:00:00,0.952743897719123
2008-11-03 00:00:00,0.9502334121041854
2008-11-04 00:00:00,0.9659278646242717
2008-11-05 00:00:00,0.9250044378885042
2008-11-06 00:00:00,0.8976729710493285
2008-11-07 00:00:00,0.91018755150803
2008-11-10 00:00:00,0.9148788589992324
2008-11-11 00:00:00,0.9060960946382546
2008-11-12 00:00:00,0.8743286602392175
2008-11-13 00:00:00,0.9157328221521415
2008-11-14 00:00:00,0.8954515477716025
2008-11-17 00:00:00,0.8863304379171323
2008-11-18 00:00:00,0.8886437218195773
2008-11-19 00:00:00,0.8563538065435378
2008-11-20 00:00:00,0.8125140638234882
2008-11-21 00:00:00,0.8424115568535505
2008-11-24 00:00:00,0.8710937882047094
2008-11-25 00:00:00,0.8925267109097313
2008-11-26 00:00:00,0.9099554906373009
2008-11-28 00:00:00,0.9201631628932334
2008-12-01 00:00:00,0.8716701362156658
2008-12-02 00:00:00,0.8700762444593506
2008-12-03 00:00:00,0.9082178289547227
2008-12-04 00:00:00,0.9168332768164322
2008-12-05 00:00:00,0.9423120344333881
2008-12-08 00:00:00,0.9591534479382788
2008-12-09 00:00:00,0.9293166494375971
2008-12-10 00:00:00,0.9407595756603794
2008-12-11 00:00:00,0.917565005163138
2008-12-12 00:00:00,0.9164705520781291
2008-12-15 00:00:00,0.9203776572856317
2008-12-16 00:00:00,0.9570301362703115
2008-12-17 00:00:00,0.963074433530055
2008-12-18 00:00:00,0.9684964530383644
2008-12-19 00:00:00,0.9510108726728502
2008-12-22 00:00:00,0.9430032418653477
2008-12-23 00:00:00,0.934867493082465
2008-12-24 00:00:00,0.9329812529167948
2008-12-26 00:00:00,0.9390122448840923
2008-12-29 00:00:00,0.9274684551729497
2008-12-30 00:00:00,0.9436218153788779
2008-12-31 00:00:00,0.9566151935028736
2009-01-02 00:00:00,0.9715696277958685
2009-01-05 00:00:00,0.9668761321687096
2009-01-06 00:00:00,0.9579634147938454
2009-01-07 00:00:00,0.9380620483903026
2009-01-08 00:00:00,0.9438635387698275
2009-01-09 00:00:00,0.9294514050402076
2009-01-12 00:00:00,0.9126867003402124
2009-01-13 00:00:00,0.9154231712681468
2009-01-14 00:00:00,0.8817745966491073
2009-01-15 00:00:00,0.8907344609931588
2009-01-16 00:00:00,0.8997058908630557
2009-01-20 00:00:00,0.8624639953408224
2009-01-21 00:00:00,0.8659070619724979
2009-01-22 00:00:00,0.8687722683375942
2009-01-23 00:00:00,0.850266982805095
2009-01-26 00:00:00,0.8488563402630187
2009-01-27 00:00:00,0.8368827701123471
2009-01-28 00:00:00,0.8762784985303631
2009-01-29 00:00:00,0.8544452220196707
2009-01-30 00:00:00,0.8314429692141693
2009-02-02 00:00:00,0.8315520035313111
2009-02-03 00:00:00,0.8356183000104725
2009-02-04 00:00:00,0.8358645580915296
2009-02-05 00:00:00,0.8197927086666426
2009-02-06 00:00:00,0.8351009075110136
2009-02-09 00:00:00,0.8298098172774847
2009-02-10 00:00:00,0.8146515879054125
2009-02-11 00:00:00,0.8138097902961109
2009-02-12 00:00:00,0.8184081697623904
2009-02-13 00:00:00,0.8193175229013889
2009-02-17 00:00:00,0.7988280179155876
2009-02-18 00:00:00,0.79324188139592
2009-02-19 00:00:00,0.8199592828783117
2009-02-20 00:00:00,0.8165368104712929
2009-02-23 00:00:00,0.7977719354703072
2009-02-24 00:00:00,0.8115021005433092
2009-02-25 00:00:00,0.8073030570722002
2009-02-26 00:00:00,0.8095890858365281
2009-02-27 00:00:00,0.8047047902107034
2009-03-02 00:00:00,0.7712052836809196
2009-03-03 00:00:00,0.7850008282578739
2009-03-04 00:00:00,0.7989629796986197
2009-03-05 00:00:00,0.7973543447043759
2009-03-06 00:00:00,0.7915401976591115
2009-03-09 00:00:00,0.7888255454417115
2009-03-10 00:00:00,0.8119880171617505
2009-03-11 00:00:00,0.8123148373877752
2009-03-12 00:00:00,0.8377187709496222
2009-03-13 00:00:00,0.8453478379480569
2009-03-16 00:00:00,0.8277333376891274
2009-03-17 00:00:00,0.8648422193574948
2009-03-18 00:00:00,0.8720809260569738
2009-03-19 00:00:00,0.8676380513041485
2009-03-20 00:00:00,0.8603310527362146
2009-03-23 00:00:00,0.8744546700676262
2009-03-24 00:00:00,0.8667946666038917
2009-03-25 00:00:00,0.8716141083940808
2009-03-26 00:00:00,0.903523571848983
2009-03-27 00:00:00,0.8829265619237799
2009-03-30 00:00:00,0.8847993979514212
2009-03-31 00:00:00,0.8828339811506457
2009-04-01 00:00:00,0.8856721612629795
2009-04-02 00:00:00,0.8862143923047752
2009-04-03 00:00:00,0.8807522735582186
2009-04-06 00:00:00,0.8957185952874659
2009-04-07 00:00:00,0.8801289773231366
2009-04-08 00:00:00,0.8889246334695913
2009-04-09 00:00:00,0.912139750087518
2009-04-13 00:00:00,0.9122311306282536
2009-04-14 00:00:00,0.901752465284517
2009-04-15 00:00:00,0.9028214664844907
2009-04-16 00:00:00,0.925469735653751
2009-04-17 00:00:00,0.9226743020148309
2009-04-20 00:00:00,0.9142840733625259
2009-04-21 00:00:00,0.91402765036403
2009-04-22 00:00:00,0.91042177339783
2009-04-23 00:00:00,0.9080411434782675
2009-04-24 00:00:00,0.8962166253715249
2009-04-27 00:00:00,0.9118785068818744
2009-04-28 00:00:00,0.9205535839618119
2009-04-29 00:00:00,0.9107238532456525
2009-04-30 00:00:00,0.9194809425641962
2009-05-01 00:00:00,0.8982476238568206
2009-05-04 00:00:00,0.9332462332362024
2009-05-05 00:00:00,0.9261594570132443
2009-05-06 00:00:00,0.9182970797442718
2009-05-07 00:00:00,0.8757329277030923
2009-05-08 00:00:00,0.8863733049437134
2009-05-11 00:00:00,0.8819523513393718
2009-05-12 00:00:00,0.8629958687207532
2009-05-13 00:00:00,0.8309167936000191
2009-05-14 00:00:00,0.8381311854421503
2009-05-15 00:00:00,0.8471849082613737
2009-05-18 00:00:00,0.8647547391587186
2009-05-19 00:00:00,0.8821386509086258
2009-05-20 00:00:00,0.87494025775544
2009-05-21 00:00:00,0.8623563458452232
2009-05-22 00:00:00,0.8580744887227788
2009-05-26 00:00:00,0.88319363527575
2009-05-27 00:00:00,0.8642226830178338
2009-05-28 00:00:00,0.8703537723876852
2009-05-29 00:00:00,0.8959408152913266
2009-06-01 00:00:00,0.9298335761744052
2009-06-02 00:00:00,0.9393508431224014
2009-06-03 00:00:00,0.9124575258169171
2009-06-04 00:00:00,0.9446173372708166
2009-06-05 00:00:00,0.9375208004870969
2009-06-08 00:00:00,0.9337322798589162
2009-06-09 00:00:00,0.9459217460210123
2009-06-10 00:00:00,0.9392656286476302
2009-06-11 00:00:00,0.9348464899943653
2009-06-12 00:00:00,0.9250614579043738
2009-06-15 00:00:00,0.8938675936857645
2009-06-16 00:00:00,0.8696242588421651
2009-06-17 00:00:00,0.8680442497873337
2009-06-18 00:00:00,0.8684552340143918
2009-06-19 00:00:00,0.8807023376732582
2009-06-22 00:00:00,0.8260732240007616
2009-06-23 00:00:00,0.8435362432485111
2009-06-24 00:00:00,0.8668816412790536
2009-06-25 00:00:00,0.8885779407033236
2009-06-26 00:00:00,0.8888455999504934
2009-06-29 00:00:00,0.8871947998904636
2009-06-30 00:00:00,0.883105385458999
2009-07-01 00:00:00,0.892428837162262
2009-07-02 00:00:00,0.8674656065964067
2009-07-06 00:00:00,0.8669288835804656
2009-07-07 00:00:00,0.8402421945392073
2009-07-08 00:00:00,0.8340625330108462
2009-07-09 00:00:00,0.8492102905363015
2009-07-10 00:00:00,0.8481342014395732
2009-07-13 00:00:00,0.878334071319051
2009-07-14 00:00:00,0.8949467048519263
2009-07-15 00:00:00,0.9477914291383402
2009-07-16 00:00:00,0.9790076194574114
2009-07-17 00:00:00,0.9671891880597894
2009-07-20 00:00:00,0.9870126885239654
2009-07-21 00:00:00,0.9847457572748394
2009-07-22 00:00:00,0.9962348434993739
2009-07-23 00:00:00,1.0354849688049408
2009-07-24 00:00:00,1.0274238165661649
2009-07-27 00:00:00,1.0325741352052322
2009-07-28 00:00:00,1.0238720254834508
2009-07-29 00:00:00,1.013218831994596
2009-07-30 00:00:00,1.0443077775285723
2009-07-31 00:00:00,1.0788109100010748
2009-08-03 00:00:00,1.1300837322185449
2009-08-04 00:00:00,1.128171984137605
2009-08-05 00:00:00,1.1395652901634412
2009-08-06 00:00:00,1.104814504921143
2009-08-07 00:00:00,1.1251002026538253
2009-08-10 00:00:00,1.1131100609281668
2009-08-11 00:00:00,1.1013815589020728
2009-08-12 00:00:00,1.117948015875683
2009-08-13 00:00:00,1.1444679896281704
2009-08-14 00:00:00,1.1366728521103087
2009-08-17 00:00:00,1.0914496428150289
2009-08-18 00:00:00,1.1213938547360227
2009-08-19 00:00:00,1.1266312988605343
2009-08-20 00:00:00,1.1520100151493107
2009-08-21 00:00:00,1.1705450430455233
2009-08-24 00:00:00,1.150289810284104
2009-08-25 00:00:00,1.1581996657334654
2009-08-26 00:00:00,1.149882070443559
2009-08-27 00:00:00,1.159953661056996
2009-08-28 00:00:00,1.168941766668198
2009-08-31 00:00:00,1.159773608853494
2009-09-01 00:00:00,1.0910499102262339
2009-09-02 00:00:00,1.0790018010705709
2009-09-03 00:00:00,1.115940631747003
2009-09-04 00:00:00,1.1383227716848228
2009-09-08 00:00:00,1.1535165368861908
2009-09-09 00:00:00,1.1750988391353285
2009-09-10 00:00:00,1.1986447327436072
2009-09-11 00:00:00,1.1952965544465546
2009-09-14 00:00:00,1.2057428731660995
2009-09-15 00:00:00,1.2081082650578718
2009-09-16 00:00:00,1.2452303997892744
2009-09-17 00:00:00,1.2170392096809342
2009-09-18 00:00:00,1.2075824200933791
2009-09-21 00:00:00,1.2065763415835942
2009-09-22 00:00:00,1.2292006373583497
2009-09-23 00:00:00,1.2239150162049077
2009-09-24 00:00:00,1.1808846917252556
2009-09-25 00:00:00,1.1685056405047376
2009-09-28 00:00:00,1.2022635967163935
2009-09-29 00:00:00,1.2016109362833909
2009-09-30 00:00:00,1.209316394998735
2009-10-01 00:00:00,1.1532955685536368
2009-10-02 00:00:00,1.1484995614967681
2009-10-05 00:00:00,1.175279633089182
2009-10-06 00:00:00,1.2093757938024317
2009-10-07 00:00:00,1.2132757212768261
2009-10-08 00:00:00,1.2342229036927086
2009-10-09 00:00:00,1.2476208725192235
2009-10-12 00:00:00,1.2593179955842817
2009-10-13 00:00:00,1.2477149937465253
2009-10-14 00:00:00,1.2882150796091945
2009-10-15 00:00:00,1.2810315519652586
2009-10-16 00:00:00,1.252691389257457
2009-10-19 00:00:00,1.2751442705981944
2009-10-20 00:00:00,1.27070884133372
2009-10-21 00:00:00,1.2474368023260303
2009-10-22 00:00:00,1.2577715025287575
2009-10-23 00:00:00,1.2498514047813223
2009-10-26 00:00:00,1.2088041429071432
2009-10-27 00:00:00,1.1667157530045429
2009-10-28 00:00:00,1.111072680058704
2009-10-29 00:00:00,1.1649933757984274
2009-10-30 00:00:00,1.1127055415274874
2009-11-02 00:00:00,1.1300676962380456
2009-11-03 00:00:00,1.1530782765888226
2009-11-04 00:00:00,1.1503568621733467
2009-11-05 00:00:00,1.1834096782993002
2009-11-06 00:00:00,1.2001845521737198
2009-11-09 00:00:00,1.2404841019282797
2009-11-10 00:00:00,1.2639501550187828
2009-11-11 00:00:00,1.2735668846788362
2009-11-12 00:00:00,1.249761606414861
2009-11-13 00:00:00,1.2687085072068531
2009-11-16 00:00:00,1.2990101971844157
2009-11-17 00:00:00,1.3078820960638318
2009-11-18 00:00:00,1.3122219995537672
2009-11-19 00:00:00,1.294656642053144
2009-11-20 00:00:00,1.2849895537355769
2009-11-23 00:00:00,1.316408360690816
2009-11-24 00:00:00,1.3070494940218045
2009-11-25 00:00:00,1.3308308188573719
2009-11-27 00:00:00,1.291027041545849
2009-11-30 00:00:00,1.308632094545656
2009-12-01 00:00:00,1.3371462742977762
2009-12-02 00:00:00,1.3601169488789362
2009-12-03 00:00:00,1.3375485509557972
2009-12-04 00:00:00,1.3275286365136918
2009-12-07 00:00:00,1.3092420251089871
2009-12-08 00:00:00,1.285462900165386
2009-12-09 00:00:00,1.3035210128995425
2009-12-10 00:00:00,1.3163753246352745
2009-12-11 00:00:00,1.3107360171734286
2009-12-14 00:00:00,1.3362938819716397
2009-12-15 00:00:00,1.326616492029053
2009-12-16 00:00:00,1.342110158673142
2009-12-17 00:00:00,1.312170300041832
2009-12-18 00:00:00,1.3178548017220466
2009-12-21 00:00:00,1.3366275373272667
2009-12-22 00:00:00,1.3479333590030969
2009-12-23 00:00:00,1.3727902103114775
2009-12-24 00:00:00,1.378323301960841
2009-12-28 00:00:00,1.3757970945859463
2009-12-29 00:00:00,1.3650440464424434
2009-12-30 00:00:00,1.3448882063178251
2009-12-31 00:00:00,1.3358752170361567
2010-01-04 00:00:00,1.3821980583010114
2010-01-05 00:00:00,1.4208528010743235
2010-01-06 00:00:00,1.4313940778269045
2010-01-07 00:00:00,1.418174468853719
2010-01-08 00:00:00,1.4354151919215394
2010-01-11 00:00:00,1.4337361868749368
2010-01-12 00:00:00,1.3988971836428414
2010-01-13 00:00:00,1.422287064284445
2010-01-14 00:00:00,1.4214468499904092
2010-01-15 00:00:00,1.39853780588653
2010-01-19 00:00:00,1.408817075431281
2010-01-20 00:00:00,1.4041912852736576
2010-01-21 00:00:00,1.3684582406327728
2010-01-22 00:00:00,1.3240447191662785
2010-01-25 00:00:00,1.3313610484289156
2010-01-26 00:00:00,1.3315759443648751
2010-01-27 00:00:00,1.3378217555655154
2010-01-28 00:00:00,1.335445468356827
2010-01-29 00:00:00,1.3100850553292076
2010-02-01 00:00:00,1.3593465053453182
2010-02-02 00:00:00,1.3975526037403492
2010-02-03 00:00:00,1.378674003573807
2010-02-04 00:00:00,1.3065833109334415
2010-02-05 00:00:00,1.3020056791628383
2010-02-08 00:00:00,1.293807807222943
2010-02-09 00:00:00,1.3329388979692876
2010-02-10 00:00:00,1.3214581949176256
2010-02-11 00:00:00,1.3643316770447127
2010-02-12 00:00:00,1.3593227680011724
2010-02-16 00:00:00,1.4014806393187953
2010-02-17 00:00:00,1.428618401132759
2010-02-18 00:00:00,1.4604107646534825
2010-02-19 00:00:00,1.451964020897515
2010-02-22 00:00:00,1.454828164994583
2010-02-23 00:00:00,1.4368036639497959
2010-02-24 00:00:00,1.4381024852005992
2010-02-25 00:00:00,1.438938099320642
2010-02-26 00:00:00,1.4370368455265128
2010-03-01 00:00:00,1.449461071551969
2010-03-02 00:00:00,1.4591684769735358
2010-03-03 00:00:00,1.488139145961462
2010-03-04 00:00:00,1.4861239067886853
2010-03-05 00:00:00,1.5175430256847757
2010-03-08 00:00:00,1.5095046574190005
2010-03-09 00:00:00,1.50758785610459
2010-03-10 00:00:00,1.5265800890150485
2010-03-11 00:00:00,1.5279601544279384
2010-03-12 00:00:00,1.5453778949345691
2010-03-15 00:00:00,1.5378782632097647
2010-03-16 00:00:00,1.5536597291107843
2010-03-17 00:00:00,1.5694126191646698
2010-03-18 00:00:00,1.5430677059001925
2010-03-19 00:00:00,1.508049549860454
2010-03-22 00:00:00,1.5416154022477033
2010-03-23 00:00:00,1.5724425946320433
2010-03-24 00:00:00,1.5775185606810178
2010-03-25 00:00:00,1.5828694966173658
2010-03-26 00:00:00,1.591956911690837
2010-03-29 00:00:00,1.6139548015848677
2010-03-30 00:00:00,1.6074688697957453
2010-03-31 00:00:00,1.6116434345261108
2010-04-01 00:00:00,1.6323421292757814
2010-04-05 00:00:00,1.6503762960410429
2010-04-06 00:00:00,1.6631757525710362
2010-04-07 00:00:00,1.6373966312087023
2010-04-08 00:00:00,1.6452386950656261
2010-04-09 00:00:00,1.6609096462269421
2010-04-12 00:00:00,1.6627493790007126
2010-04-13 00:00:00,1.6584837157646692
2010-04-14 00:00:00,1.7038476173748187
2010-04-15 00:00:00,1.7086278982056875
2010-04-16 00:00:00,1.6537716268240361
2010-04-19 00:00:00,1.6359527750875524
2010-04-20 00:00:00,1.6581699969668318
2010-04-21 00:00:00,1.6687698925874745
2010-04-22 00:00:00,1.6906938175364992
2010-04-23 00:00:00,1.7123696995011402
2010-04-26 00:00:00,1.718325727297817
2010-04-27 00:00:00,1.6500405065417711
2010-04-28 00:00:00,1.6246096598835382
2010-04-29 00:00:00,1.660094539171422
2010-04-30 00:00:00,1.6091447488915767
2010-05-03 00:00:00,1.648845454012738
2010-05-04 00:00:00,1.5745234040826273
2010-05-05 00:00:00,1.543965938373688
2010-05-06 00:00:00,1.477914128092309
2010-05-07 00:00:00,1.4420533707336847
2010-05-10 00:00:00,1.5591851637760004
2010-05-11 00:00:00,1.5416523684414971
2010-05-12 00:00:00,1.605184538561876
2010-05-13 00:00:00,1.573363048393684
2010-05-14 00:00:00,1.5322996858309188
2010-05-17 00:00:00,1.5239436764073275
2010-05-18 00:00:00,1.489580837790406
2010-05-19 00:00:00,1.4632777306180624
2010-05-20 00:00:00,1.3862930531856563
2010-05-21 00:00:00,1.4420340063027886
2010-05-24 00:00:00,1.427349143985399
2010-05-25 00:00:00,1.424566466267484
2010-05-26 00:00:00,1.4153319104293651
2010-05-27 00:00:00,1.5039755141540496
2010-05-28 00:00:00,1.4852265906113522
2010-06-01 00:00:00,1.4519000954314838
2010-06-02 00:00:00,1.4986913121948513
2010-06-03 00:00:00,1.5270490144857165
2010-06-04 00:00:00,1.453422872187983
2010-06-07 00:00:00,1.4094949069273222
2010-06-08 00:00:00,1.4180568316823665
2010-06-09 00:00:00,1.4215886627352656
2010-06-10 00:00:00,1.4821517153467736
2010-06-11 00:00:00,1.5041540716256436
2010-06-14 00:00:00,1.5215674375937434
2010-06-15 00:00:00,1.555481755543109
2010-06-16 00:00:00,1.563801649454737
2010-06-17 00:00:00,1.5575478250164625
2010-06-18 00:00:00,1.5528521492442688
2010-06-21 00:00:00,1.547066412321372
2010-06-22 00:00:00,1.5067864127729484
2010-06-23 00:00:00,1.512050526072471
2010-06-24 00:00:00,1.4832283474816819
2010-06-25 00:00:00,1.4978205211563773
2010-06-28 00:00:00,1.472531104474253
2010-06-29 00:00:00,1.3875814567519016
2010-06-30 00:00:00,1.377385945447905
2010-07-01 00:00:00,1.3724071933698057
2010-07-02 00:00:00,1.3523706169667562
2010-07-06 00:00:00,1.3514285280474767
2010-07-07 00:00:00,1.420270268409665
2010-07-08 00:00:00,1.4284800071972987
2010-07-09 00:00:00,1.4366726169322523
2010-07-12 00:00:00,1.4315206397757996
2010-07-13 00:00:00,1.4597626299744353
2010-07-14 00:00:00,1.4699185543916453
2010-07-15 00:00:00,1.4676788807005774
2010-07-16 00:00:00,1.4239724104987406
2010-07-19 00:00:00,1.4136455755711712
2010-07-20 00:00:00,1.4397157076417233
2010-07-21 00:00:00,1.4212824755155877
2010-07-22 00:00:00,1.4249814404375014
2010-07-23 00:00:00,1.4669998284121584
2010-07-26 00:00:00,1.4815138177593934
2010-07-27 00:00:00,1.4662207904671656
2010-07-28 00:00:00,1.4435466388884153
2010-07-29 00:00:00,1.4334157616495975
2010-07-30 00:00:00,1.465240498724963
2010-08-02 00:00:00,1.4902213491036367
2010-08-03 00:00:00,1.4880031492322716
2010-08-04 00:00:00,1.5032915418881498
2010-08-05 00:00:00,1.5016237772854228
2010-08-06 00:00:00,1.5216244743756144
2010-08-09 00:00:00,1.5294190932571121
2010-08-10 00:00:00,1.5205897744231784
2010-08-11 00:00:00,1.4695039876862328
2010-08-12 00:00:00,1.4684383450510974
2010-08-13 00:00:00,1.4619241312264706
2010-08-16 00:00:00,1.4711907097135617
2010-08-17 00:00:00,1.491949679171255
2010-08-18 00:00:00,1.4900790230304646
2010-08-19 00:00:00,1.4627905180914733
2010-08-20 00:00:00,1.48436755425769
2010-08-23 00:00:00,1.4650453537952883
2010-08-24 00:00:00,1.4338846605835571
2010-08-25 00:00:00,1.4465462670374174
2010-08-26 00:00:00,1.4349485975905085
2010-08-27 00:00:00,1.4677487163065577
2010-08-30 00:00:00,1.4242786442067437
2010-08-31 00:00:00,1.436500429055241
2010-09-01 00:00:00,1.4916052314408164
2010-09-02 00:00:00,1.5179975554466794
2010-09-03 00:00:00,1.5350652320032263
2010-09-07 00:00:00,1.534997746850833
2010-09-08 00:00:00,1.5533888435557706
2010-09-09 00:00:00,1.5359296488272902
2010-09-10 00:00:00,1.5482247155737163
2010-09-13 00:00:00,1.5677689976975444
2010-09-14 00:00:00,1.5735464539811308
2010-09-15 00:00:00,1.5700345632518378
2010-09-16 00:00:00,1.5678662937675674
2010-09-17 00:00:00,1.5604350043225117
2010-09-20 00:00:00,1.5892883946244138
2010-09-21 00:00:00,1.5973992277470264
2010-09-22 00:00:00,1.61268001106176
2010-09-23 00:00:00,1.6290401982107812
2010-09-24 00:00:00,1.6605153519586615
2010-09-27 00:00:00,1.6791133513852299
2010-09-28 00:00:00,1.6728295868400607
2010-09-29 00:00:00,1.6893925121094555
2010-09-30 00:00:00,1.6593336264449998
2010-10-01 00:00:00,1.6402608718263294
2010-10-04 00:00:00,1.615865365205124
2010-10-05 00:00:00,1.6575557168541972
2010-10-06 00:00:00,1.6081023749644114
2010-10-07 00:00:00,1.606335994935246
2010-10-08 00:00:00,1.617999759524955
2010-10-11 00:00:00,1.6129077279714705
2010-10-12 00:00:00,1.628256077175851
2010-10-13 00:00:00,1.6430265689363968
2010-10-14 00:00:00,1.6379486768424516
2010-10-15 00:00:00,1.6466853365820149
2010-10-18 00:00:00,1.6451938110937212
2010-10-19 00:00:00,1.598370547320883
2010-10-20 00:00:00,1.6183713024741555
2010-10-21 00:00:00,1.6462129009908544
2010-10-22 00:00:00,1.6825335492453173
2010-10-25 00:00:00,1.7080214757799392
2010-10-26 00:00:00,1.73212177473495
2010-10-27 00:00:00,1.7346225879329242
2010-10-28 00:00:00,1.732220741789384
2010-10-29 00:00:00,1.7381698320687577
2010-11-01 00:00:00,1.7274652830417219
2010-11-02 00:00:00,1.7526605598067648
2010-11-03 00:00:00,1.762511098299323
2010-11-04 00:00:00,1.7561123272896244
2010-11-05 00:00:00,1.7732848675107673
2010-11-08 00:00:00,1.7940929738960096
2010-11-09 00:00:00,1.7825158291807361
2010-11-10 00:00:00,1.8167615298207214
2010-11-11 00:00:00,1.8170152735633611
2010-11-12 00:00:00,1.7883091348670268
2010-11-15 00:00:00,1.769569970031361
2010-11-16 00:00:00,1.7322789938385967
2010-11-17 00:00:00,1.7572560472631926
2010-11-18 00:00:00,1.7807634953708944
2010-11-19 00:00:00,1.8081743242332586
2010-11-22 00:00:00,1.8558644405185536
2010-11-23 00:00:00,1.8360251146148505
2010-11-24 00:00:00,1.8640813889943666
2010-11-26 00:00:00,1.8729594722622958
2010-11-29 00:00:00,1.8752269560168136
2010-11-30 00:00:00,1.870723813453306
2010-12-01 00:00:00,1.8945518869530262
2010-12-02 00:00:00,1.8799696529120697
2010-12-03 00:00:00,1.8712812950018358
2010-12-06 00:00:00,1.899719670559549
2010-12-07 00:00:00,1.8814921973171086
2010-12-08 00:00:00,1.872276705508935
2010-12-09 00:00:00,1.8938100637923492
2010-12-10 00:00:00,1.904256935963184
2010-12-13 00:00:00,1.8694215717671743
2010-12-14 00:00:00,1.8465851895638734
2010-12-15 00:00:00,1.8295435159394768
2010-12-16 00:00:00,1.8463062838453135
2010-12-17 00:00:00,1.8480569396646023
2010-12-20 00:00:00,1.8514481458774736
2010-12-21 00:00:00,1.8789279792624578
2010-12-22 00:00:00,1.8699662446913012
2010-12-23 00:00:00,1.8614170640780805
2010-12-27 00:00:00,1.847808936744026
2010-12-28 00:00:00,1.8530322194606716
2010-12-29 00:00:00,1.8575567484126958
2010-12-30 00:00:00,1.8490271866014607
2010-12-31 00:00:00,1.8378148779533476
2011-01-03 00:00:00,1.875861782611982
2011-01-04 00:00:00,1.8606332490420177
2011-01-05 00:00:00,1.8878318052731156
2011-01-06 00:00:00,1.8669302860639976
2011-01-07 00:00:00,1.8586750438228241
2011-01-10 00:00:00,1.8677246810551615
2011-01-11 00:00:00,1.8768535814758254
2011-01-12 00:00:00,1.8880521919753241
2011-01-13 00:00:00,1.8839625697485
2011-01-14 00:00:00,1.8862069056988606
2011-01-18 00:00:00,1.8986567301460453
2011-01-19 00:00:00,1.862233555909076
2011-01-20 00:00:00,1.8264382742475551
2011-01-21 00:00:00,1.8199170942675604
2011-01-24 00:00:00,1.8242764626871755
2011-01-25 00:00:00,1.817619441566046
2011-01-26 00:00:00,1.857420554402179
2011-01-27 00:00:00,1.892782249346414
2011-01-28 00:00:00,1.873508349999763
2011-01-31 00:00:00,1.877650703927534
2011-02-01 00:00:00,1.9249723395653644
2011-02-02 00:00:00,1.9350873640999176
2011-02-03 00:00:00,1.9431755469313132
2011-02-04 00:00:00,1.9790396815603604
2011-02-07 00:00:00,1.9780027799283708
2011-02-08 00:00:00,1.9909654675894537
2011-02-09 00:00:00,1.9852885154128312
2011-02-10 00:00:00,1.9974423257878986
2011-02-11 00:00:00,2.0378309778500094
2011-02-14 00:00:00,2.063582159365875
2011-02-15 00:00:00,2.0337265652737235
2011-02-16 00:00:00,2.0456493518955288
2011-02-17 00:00:00,2.0585468194098673
2011-02-18 00:00:00,2.061551470738341
2011-02-22 00:00:00,1.9720394377534274
2011-02-23 00:00:00,1.9325423972828837
2011-02-24 00:00:00,1.9614910676427466
2011-02-25 00:00:00,1.9875717723628092
2011-02-28 00:00:00,1.9774828779967706
2011-03-01 00:00:00,1.9364374879025539
2011-03-02 00:00:00,1.946746861745652
2011-03-03 00:00:00,1.9912116275170606
2011-03-04 00:00:00,2.0091923516126333
2011-03-07 00:00:00,1.9885653992115784
2011-03-08 00:00:00,1.9769901791846491
2011-03-09 00:00:00,1.9667624763579301
2011-03-10 00:00:00,1.926097930675415
2011-03-11 00:00:00,1.9584326457304633
2011-03-14 00:00:00,1.9476549441864128
2011-03-15 00:00:00,1.9322842310806023
2011-03-16 00:00:00,1.9059619384122937
2011-03-17 00:00:00,1.9136951216441274
2011-03-18 00:00:00,1.9137751045191846
2011-03-21 00:00:00,1.965155280761086
2011-03-22 00:00:00,1.963867117807179
2011-03-23 00:00:00,1.9918080401852007
2011-03-24 00:00:00,2.0046327594606237
2011-03-25 00:00:00,2.012764763736975
2011-03-28 00:00:00,2.029341985510664
2011-03-29 00:00:00,2.0685638623680944
2011-03-30 00:00:00,2.0868884852427474
2011-03-31 00:00:00,2.076072665271047
2011-04-01 00:00:00,2.0740244148588816
2011-04-04 00:00:00,2.1071971928009012
2011-04-05 00:00:00,2.1316662046109056
2011-04-06 00:00:00,2.10056406377651
2011-04-07 00:00:00,2.0728134548402433
2011-04-08 00:00:00,2.068828529691939
2011-04-11 00:00:00,2.0482409200213656
2011-04-12 00:00:00,2.032778213749755
2011-04-13 00:00:00,2.0749991950121203
2011-04-14 00:00:00,2.072299510748779
2011-04-15 00:00:00,2.0834903946044685
2011-04-18 00:00:00,2.063651999816959
2011-04-19 00:00:00,2.0925735999000534
2011-04-20 00:00:00,2.1262367884635873
2011-04-21 00:00:00,2.1497044480885994
2011-04-25 00:00:00,2.1403884600434777
2011-04-26 00:00:00,2.1018944982977144
2011-04-27 00:00:00,2.151228768767022
2011-04-28 00:00:00,2.1698109523405122
2011-04-29 00:00:00,2.1589502941957135
2011-05-02 00:00:00,2.131744487041655
2011-05-03 00:00:00,2.102288111359793
2011-05-04 00:00:00,2.072905507860005
2011-05-05 00:00:00,2.0734069085151665
2011-05-06 00:00:00,2.092483091071163
2011-05-09 00:00:00,2.1423352272367864
2011-05-10 00:00:00,2.1585648489222486
2011-05-11 00:00:00,2.116689015796703
2011-05-12 00:00:00,2.1325492500848497
2011-05-13 00:00:00,2.1114252038249077
2011-05-16 00:00:00,2.0894772719223487
2011-05-17 00:00:00,2.1011133600397214
2011-05-18 00:00:00,2.1459878363980733
2011-05-19 00:00:00,2.153114150467579
2011-05-20 00:00:00,2.1458765871818644
2011-05-23 00:00:00,2.108526572950828
2011-05-24 00:00:00,2.1145522630610882
2011-05-25 00:00:00,2.1571104561206695
2011-05-26 00:00:00,2.146877322901999
2011-05-27 00:00:00,2.1482106482600707
2011-05-31 00:00:00,2.169003898531205
2011-06-01 00:00:00,2.1332976727454147
2011-06-02 00:00:00,2.13256201875408
2011-06-03 00:00:00,2.116260730894276
2011-06-06 00:00:00,2.0774409796709654
2011-06-07 00:00:00,2.0974640231682486
2011-06-08 00:00:00,2.0694486054184558
2011-06-09 00:00:00,2.080209436944337
2011-06-10 00:00:00,2.0368269481813783
2011-06-13 00:00:00,2.0140717549430263
2011-06-14 00:00:00,2.053273628247835
2011-06-15 00:00:00,2.024422839683848
2011-06-16 00:00:00,2.0154040508430557
2011-06-17 00:00:00,1.999423276827094
2011-06-20 00:00:00,2.012066062884406
2011-06-21 00:00:00,2.0872768592421433
2011-06-22 00:00:00,2.081459995743314
2011-06-23 00:00:00,2.1104984941495513
2011-06-24 00:00:00,2.1009755545096005
2011-06-27 00:00:00,2.12652785626335
2011-06-28 00:00:00,2.179661798970843
2011-06-29 00:00:00,2.1993822493001494
2011-06-30 00:00:00,2.2283339164568465
2011-07-01 00:00:00,2.2654417076013655
2011-07-05 00:00:00,2.2962683224405787
2011-07-06 00:00:00,2.300381963843974
2011-07-07 00:00:00,2.315808555658805
2011-07-08 00:00:00,2.3069501706316218
2011-07-11 00:00:00,2.247751487415954
2011-07-12 00:00:00,2.2244972998641965
2011-07-13 00:00:00,2.256066776203941
2011-07-14 00:00:00,2.2227600629648454
2011-07-15 00:00:00,2.244559916215403
2011-07-18 00:00:00,2.217585581882761
2011-07-19 00:00:00,2.276483232747048
2011-07-20 00:00:00,2.199138023831755
2011-07-21 00:00:00,2.1889998709189413
2011-07-22 00:00:00,2.19831561504738
2011-07-25 00:00:00,2.1804765998990594
2011-07-26 00:00:00,2.1711439979275737
2011-07-27 00:00:00,2.1160162879744804
2011-07-28 00:00:00,2.1109768459839358
2011-07-29 00:00:00,2.1301011738653473
2011-08-01 00:00:00,2.1358395269862616
2011-08-02 00:00:00,2.059414397832718
2011-08-03 00:00:00,2.0764722372925775
2011-08-04 00:00:00,1.9379979476313103
2011-08-05 00:00:00,1.9188726799238809
2011-08-08 00:00:00,1.7755761763153484
2011-08-09 00:00:00,1.8825030491423018
2011-08-10 00:00:00,1.8542231850964939
2011-08-11 00:00:00,1.9457263248332923
2011-08-12 00:00:00,1.9989221775811972
2011-08-15 00:00:00,2.040512850301433
2011-08-16 00:00:00,1.9849713327519731
2011-08-17 00:00:00,1.9657736446479213
2011-08-18 00:00:00,1.8366185369622314
2011-08-19 00:00:00,1.8031328525649006
2011-08-22 00:00:00,1.7851416077384217
2011-08-23 00:00:00,1.8990565036531686
2011-08-24 00:00:00,1.8995985863565887
2011-08-25 00:00:00,1.8671186048890647
2011-08-26 00:00:00,1.9302342483995087
2011-08-29 00:00:00,1.9923720646137144
2011-08-30 00:00:00,2.030135318754908
2011-08-31 00:00:00,2.022617087585569
2011-09-01 00:00:00,2.0120602292025627
2011-09-02 00:00:00,2.003563191625614
2011-09-06 00:00:00,2.0362394731079863
2011-09-07 00:00:00,2.0941159155308284
2011-09-08 00:00:00,2.08136675583561
2011-09-09 00:00:00,1.9914672235854143
2011-09-12 00:00:00,2.0030391348341707
2011-09-13 00:00:00,2.0243931372909687
2011-09-14 00:00:00,2.04903903799592
2011-09-15 00:00:00,2.0388538561011518
2011-09-16 00:00:00,2.028838480227313
2011-09-19 00:00:00,2.082589387340046
2011-09-20 00:00:00,2.053862391207488
2011-09-21 00:00:00,2.0497608826944966
2011-09-22 00:00:00,1.946499453132744
2011-09-23 00:00:00,1.936716060956742
2011-09-26 00:00:00,1.9596115749026382
2011-09-27 00:00:00,1.9610491259525336
2011-09-28 00:00:00,1.9116865821975775
2011-09-29 00:00:00,1.868116791993812
2011-09-30 00:00:00,1.8106983225571565
2011-10-03 00:00:00,1.7404369339123262
2011-10-04 00:00:00,1.7913222300286442
2011-10-05 00:00:00,1.8433748065908102
2011-10-06 00:00:00,1.891725541734337
2011-10-07 00:00:00,1.870205703136908
2011-10-10 00:00:00,1.9393133733003094
2011-10-11 00:00:00,1.9275557984878855
2011-10-12 00:00:00,1.918270989371641
2011-10-13 00:00:00,1.932353480066503
2011-10-14 00:00:00,1.9666624317908965
2011-10-17 00:00:00,1.9516815142901531
2011-10-18 00:00:00,1.9354035689461928
2011-10-19 00:00:00,1.903899797797102
2011-10-20 00:00:00,1.911857296142742
2011-10-21 00:00:00,1.951798496262079
2011-10-24 00:00:00,1.984853064031474
2011-10-25 00:00:00,1.9192642002069
2011-10-26 00:00:00,1.9364067804771254
2011-10-27 00:00:00,2.014812546645532
2011-10-28 00:00:00,2.022579534387141
2011-10-31 00:00:00,1.9912939038627855
2011-11-01 00:00:00,1.9586023900874203
2011-11-02 00:00:00,1.9865745109196087
2011-11-03 00:00:00,2.0125968906706704
2011-11-04 00:00:00,2.0246875397051127
2011-11-07 00:00:00,2.0135146039001253
2011-11-08 00:00:00,2.032809175785862
2011-11-09 00:00:00,1.9742621363754345
2011-11-10 00:00:00,1.9974346808754393
2011-11-11 00:00:00,2.0214451135182228
2011-11-14 00:00:00,2.0065103070442514
2011-11-15 00:00:00,2.017637797523936
2011-11-16 00:00:00,1.9617985560125117
2011-11-17 00:00:00,1.9258439697023424
2011-11-18 00:00:00,1.911196929780528
2011-11-21 00:00:00,1.907745785789018
2011-11-22 00:00:00,1.9221210798589703
2011-11-23 00:00:00,1.8752591131430167
2011-11-25 00:00:00,1.869068748399202
2011-11-28 00:00:00,1.935696554838786
2011-11-29 00:00:00,1.9409300172028743
2011-11-30 00:00:00,2.02039910192199
2011-12-01 00:00:00,2.0086855516761735
2011-12-02 00:00:00,2.0088870517200754
2011-12-05 00:00:00,2.0016235794488817
2011-12-06 00:00:00,1.98663758413448
2011-12-07 00:00:00,1.965640058004872
2011-12-08 00:00:00,1.9387705360410352
2011-12-09 00:00:00,1.9815595744619168
2011-12-12 00:00:00,1.9507584775254527
2011-12-13 00:00:00,1.916524962034825
2011-12-14 00:00:00,1.890993801930604
2011-12-15 00:00:00,1.8999668618866088
2011-12-16 00:00:00,1.9208791890761105
2011-12-19 00:00:00,1.9046415767447586
2011-12-20 00:00:00,1.9716550664614465
2011-12-21 00:00:00,1.966564752803288
2011-12-22 00:00:00,1.9689091057157673
2011-12-23 00:00:00,1.9962322915295443
2011-12-27 00:00:00,2.008231444203021
2011-12-28 00:00:00,1.9819580253727924
2011-12-29 00:00:00,2.000287025446225
2011-12-30 00:00:00,1.9768627191483388
2012-01-03 00:00:00,1.9857061152604794
2012-01-04 00:00:00,1.999958880137106
2012-01-05 00:00:00,2.0249425071368856
2012-01-06 00:00:00,2.012696036635651
2012-01-09 00:00:00,1.9978133182520899
2012-01-10 00:00:00,2.0111097377495137
2012-01-11 00:00:00,1.9880563466130103
2012-01-12 00:00:00,1.9867796782740474
2012-01-13 00:00:00,1.9928423825559483
2012-01-17 00:00:00,2.002154472845398
2012-01-18 00:00:00,2.0223773359887294
2012-01-19 00:00:00,2.008422705526167
2012-01-20 00:00:00,1.9784853606678636
2012-01-23 00:00:00,1.9925771452247387
2012-01-24 00:00:00,1.9958648872219786
2012-01-25 00:00:00,2.025273965957722
2012-01-26 00:00:00,2.015223991493226
2012-01-27 00:00:00,2.014803018408019
2012-01-30 00:00:00,2.014712362237288
2012-01-31 00:00:00,2.017987424359449
2012-02-01 00:00:00,2.0410626787107926
2012-02-02 00:00:00,2.0559445540537
2012-02-03 00:00:00,2.086605124783229
2012-02-06 00:00:00,2.096678597492596
2012-02-07 00:00:00,2.1040910158466835
2012-02-08 00:00:00,2.107522702758782
2012-02-09 00:00:00,2.11776041418618
2012-02-10 00:00:00,2.109606168111858
2012-02-13 00:00:00,2.1666360622411767
2012-02-14 00:00:00,2.1626405846324093
2012-02-15 00:00:00,2.1420713884789864
2012-02-16 00:00:00,2.145145354752031
2012-02-17 00:00:00,2.1416518784298275
2012-02-21 00:00:00,2.1234444318097716
2012-02-22 00:00:00,2.1305187286425427
2012-02-23 00:00:00,2.1601211420647264
2012-02-24 00:00:00,2.160132797757398
2012-02-27 00:00:00,2.1797731856660043
2012-02-28 00:00:00,2.187491929020677
2012-02-29 00:00:00,2.176269102949032
2012-03-01 00:00:00,2.208145410468207
2012-03-02 00:00:00,2.2011906631697875
2012-03-05 00:00:00,2.2055315572879075
2012-03-06 00:00:00,2.1626676029304797
2012-03-07 00:00:00,2.1835494238867312
2012-03-08 00:00:00,2.2128367299420173
2012-03-09 00:00:00,2.2293885535378855
2012-03-12 00:00:00,2.241584515887534
2012-03-13 00:00:00,2.268486015292038
2012-03-14 00:00:00,2.2615223674258367
2012-03-15 00:00:00,2.282830066040951
2012-03-16 00:00:00,2.2732951326367217
2012-03-19 00:00:00,2.2835245659505152
2012-03-20 00:00:00,2.288842463604522
2012-03-21 00:00:00,2.3072511389585544
2012-03-22 00:00:00,2.3144555756564964
2012-03-23 00:00:00,2.3249946210706125
2012-03-26 00:00:00,2.360978500166802
2012-03-27 00:00:00,2.347320475409716
2012-03-28 00:00:00,2.339880837171219
2012-03-29 00:00:00,2.3330563413157432
2012-03-30 00:00:00,2.340658828336075
2012-04-02 00:00:00,2.369985691478464
2012-04-03 00:00:00,2.3822316480653374
2012-04-04 00:00:00,2.350015197407767
2012-04-05 00:00:00,2.3695974826050183
2012-04-09 00:00:00,2.34667455109954
2012-04-10 00:00:00,2.2724088519044834
2012-04-11 00:00:00,2.3212973685928455
2012-04-12 00:00:00,2.349550587091
2012-04-13 00:00:00,2.3479546837255088
2012-04-16 00:00:00,2.3330671884608956
2012-04-17 00:00:00,2.3641771660942106
2012-04-18 00:00:00,2.3701271752788613
2012-04-19 00:00:00,2.347682965505869
2012-04-20 00:00:00,2.35948989316831
2012-04-23 00:00:00,2.3232692547651337
2012-04-24 00:00:00,2.301420495014044
2012-04-25 00:00:00,2.3626327322496357
2012-04-26 00:00:00,2.44635496569484
2012-04-27 00:00:00,2.47369389755604
2012-04-30 00:00:00,2.4321340516798875
2012-05-01 00:00:00,2.4373358130376293
2012-05-02 00:00:00,2.4666322802606313
2012-05-03 00:00:00,2.432193282056638
2012-05-04 00:00:00,2.3985464292666876
2012-05-07 00:00:00,2.395277891525894
2012-05-08 00:00:00,2.3792913426019497
2012-05-09 00:00:00,2.3740287127599866
2012-05-10 00:00:00,2.3800357563800993
2012-05-11 00:00:00,2.390733553460499
2012-05-14 00:00:00,2.3463720402320383
2012-05-15 00:00:00,2.3535482735066346
2012-05-16 00:00:00,2.3508020726723635
2012-05-17 00:00:00,2.2594557940503734
2012-05-18 00:00:00,2.222959192657113
2012-05-21 00:00:00,2.2932735760033136
2012-05-22 00:00:00,2.299722839987076
2012-05-23 00:00:00,2.3372387587441694
2012-05-24 00:00:00,2.3441228260602625
2012-05-25 00:00:00,2.3459515699129323
2012-05-29 00:00:00,2.389099504880698
2012-05-30 00:00:00,2.358381456085833
2012-05-31 00:00:00,2.361408866739856
2012-06-01 00:00:00,2.25574022284173
2012-06-04 00:00:00,2.256938604553817
2012-06-05 00:00:00,2.2777694478352832
2012-06-06 00:00:00,2.328737770246108
2012-06-07 00:00:00,2.2929372014972276
2012-06-08 00:00:00,2.3147820367158274
2012-06-11 00:00:00,2.273117648075707
2012-06-12 00:00:00,2.299040315727104
2012-06-13 00:00:00,2.2255798566134715
2012-06-14 00:00:00,2.241375368358508
2012-06-15 00:00:00,2.2750811711164416
2012-06-18 00:00:00,2.3205074295574555
2012-06-19 00:00:00,2.3239304912358696
2012-06-20 00:00:00,2.320844019782251
2012-06-21 00:00:00,2.273328889922218
2012-06-22 00:00:00,2.3006465359203117
2012-06-25 00:00:00,2.265954780934164
2012-06-26 00:00:00,2.305799892600377
2012-06-27 00:00:00,2.286297002640335
2012-06-28 00:00:00,2.2227169492489414
2012-06-29 00:00:00,2.3004706702368556
2012-07-02 00:00:00,2.3309757200696732
2012-07-03 00:00:00,2.3333789248431276
2012-07-05 00:00:00,2.3533085588244247
2012-07-06 00:00:00,2.3437905733515705
2012-07-09 00:00:00,2.324909444208922
2012-07-10 00:00:00,2.2996304551013065
2012-07-11 00:00:00,2.2729394203884787
2012-07-12 00:00:00,2.300238141030666
2012-07-13 00:00:00,2.3257413163191227
2012-07-16 00:00:00,2.3252215301342787
2012-07-17 00:00:00,2.3430985628666736
2012-07-18 00:00:00,2.3370853269677547
2012-07-19 00:00:00,2.3270810975589153
2012-07-20 00:00:00,2.3217965695218443
2012-07-23 00:00:00,2.3039157502028376
2012-07-24 00:00:00,2.2921173933672327
2012-07-25 00:00:00,2.2877032351132764
2012-07-26 00:00:00,2.3718172125578465
2012-07-27 00:00:00,2.4002992552500393
2012-07-30 00:00:00,2.383222101622071
2012-07-31 00:00:00,2.3663126750344303
2012-08-01 00:00:00,2.332634057376333
2012-08-02 00:00:00,2.3472521973449303
2012-08-03 00:00:00,2.3759627417845763
2012-08-06 00:00:00,2.3672746462849306
2012-08-07 00:00:00,2.38662239120772
2012-08-08 00:00:00,2.3943444165357657
2012-08-09 00:00:00,2.3878769617501803
2012-08-10 00:00:00,2.380135332473652
2012-08-13 00:00:00,2.3751651664431175
2012-08-14 00:00:00,2.3873186889969813
2012-08-15 00:00:00,2.3957849613029025
2012-08-16 00:00:00,2.4106477600673246
2012-08-17 00:00:00,2.427098029096705
2012-08-20 00:00:00,2.413887052472923
2012-08-21 00:00:00,2.397583721447211
2012-08-22 00:00:00,2.42260320573768
2012-08-23 00:00:00,2.420191201737787
2012-08-24 00:00:00,2.4374020472751443
2012-08-27 00:00:00,2.437888197290563
2012-08-28 00:00:00,2.439548773342925
2012-08-29 00:00:00,2.44913009951292
2012-08-30 00:00:00,2.4357194997645313
2012-08-31 00:00:00,2.4573525522610513
2012-09-04 00:00:00,2.4767572274150935
2012-09-05 00:00:00,2.4661569524069122
2012-09-06 00:00:00,2.520596976614918
2012-09-07 00:00:00,2.507953131012035
2012-09-10 00:00:00,2.479268766220338
2012-09-11 00:00:00,2.466268404149918
2012-09-12 00:00:00,2.4734985660269633
2012-09-13 00:00:00,2.5227030512259847
2012-09-14 00:00:00,2.5466431874832227
2012-09-17 00:00:00,2.542031138350503
2012-09-18 00:00:00,2.5271228786499753
2012-09-19 00:00:00,2.5393683952505266
2012-09-20 00:00:00,2.541089888663743
2012-09-21 00:00:00,2.5522400150619995
2012-09-24 00:00:00,2.534132883879931
2012-09-25 00:00:00,2.5152178653364827
2012-09-26 00:00:00,2.485005948867301
2012-09-27 00:00:00,2.535738372564671
2012-09-28 00:00:00,2.5289677926515717
2012-10-01 00:00:00,2.5451953687856146
2012-10-02 00:00:00,2.5536703640657916
2012-10-03 00:00:00,2.5978577421057634
2012-10-04 00:00:00,2.615283934387629
2012-10-05 00:00:00,2.6130651051356786
2012-10-08 00:00:00,2.59639840828322
2012-10-09 00:00:00,2.535977344853193
2012-10-10 00:00:00,2.5234360033133387
2012-10-11 00:00:00,2.507152921579107
2012-10-12 00:00:00,2.4998776065756774
2012-10-15 00:00:00,2.536176095424826
2012-10-16 00:00:00,2.561689028452057
2012-10-17 00:00:00,2.593089412382315
2012-10-18 00:00:00,2.5750859336320886
2012-10-19 00:00:00,2.542622076811946
2012-10-22 00:00:00,2.5539921813043134
2012-10-23 00:00:00,2.503622547757801
2012-10-24 00:00:00,2.5417497025585503
2012-10-25 00:00:00,2.513205669757191
2012-10-26 00:00:00,2.5035537081438073
2012-10-31 00:00:00,2.5018030885042872
2012-11-01 00:00:00,2.5403233226893724
2012-11-02 00:00:00,2.513233578102241
2012-11-05 00:00:00,2.5287207939827607
2012-11-06 00:00:00,2.5347021718191187
2012-11-07 00:00:00,2.487387513883225
2012-11-08 00:00:00,2.460689447956305
2012-11-09 00:00:00,2.46512469686661
2012-11-12 00:00:00,2.4723357195837115
2012-11-13 00:00:00,2.4777162767792054
2012-11-14 00:00:00,2.438234605335406
2012-11-15 00:00:00,2.4162357248320836
2012-11-16 00:00:00,2.48057787089961
2012-11-19 00:00:00,2.5251861491072285
2012-11-20 00:00:00,2.5740006220973473
2012-11-21 00:00:00,2.57838266387216
2012-11-23 00:00:00,2.6154145072062507
2012-11-26 00:00:00,2.5995044171913952
2012-11-27 00:00:00,2.596890006397852
2012-11-28 00:00:00,2.604357957842863
2012-11-29 00:00:00,2.6378448380515724
2012-11-30 00:00:00,2.6170140815996352
2012-12-03 00:00:00,2.6157418189088952
2012-12-04 00:00:00,2.6171195175124002
2012-12-05 00:00:00,2.6236465429027427
2012-12-06 00:00:00,2.6292450344187634
2012-12-07 00:00:00,2.63323983950111
2012-12-10 00:00:00,2.6389319197307493
2012-12-11 00:00:00,2.6431124153518515
2012-12-12 00:00:00,2.6489005159608823
2012-12-13 00:00:00,2.6267531639358506
2012-12-14 00:00:00,2.6418269821639937
2012-12-17 00:00:00,2.6680575069904076
2012-12-18 00:00:00,2.689506256114386
2012-12-19 00:00:00,2.6749837745122895
2012-12-20 00:00:00,2.694227748218985
2012-12-21 00:00:00,2.6699367723452916
2012-12-24 00:00:00,2.674261649994257
2012-12-26 00:00:00,2.6587100066909977
2012-12-27 00:00:00,2.667908905752195
2012-12-28 00:00:00,2.6413693304763575
2012-12-31 00:00:00,2.7047067569090095
2013-01-02 00:00:00,2.780574611931293
2013-01-03 00:00:00,2.7540950972629212
2013-01-04 00:00:00,2.758663306265009
2013-01-07 00:00:00,2.746982436622637
2013-01-08 00:00:00,2.7269199165754188
2013-01-09 00:00:00,2.757989396850929
2013-01-10 00:00:00,2.7848219413999984
2013-01-11 00:00:00,2.778711239050588
2013-01-14 00:00:00,2.785668132550692
2013-01-15 00:00:00,2.7670232017879446
2013-01-16 00:00:00,2.7589762408116987
2013-01-17 00:00:00,2.7864613231705095
2013-01-18 00:00:00,2.784990251845903
2013-01-22 00:00:00,2.8086580460953465
2013-01-23 00:00:00,2.7952095574130227
2013-01-24 00:00:00,2.824463323778823
2013-01-25 00:00:00,2.8697510661361143
2013-01-28 00:00:00,2.8661661734829544
2013-01-29 00:00:00,2.881929149129007
2013-01-30 00:00:00,2.880221941329355
2013-01-31 00:00:00,2.8530533018286057
2013-02-01 00:00:00,2.8910301158732343
2013-02-04 00:00:00,2.860107405554221
2013-02-05 00:00:00,2.8948403146366606
2013-02-06 00:00:00,2.8953599597758233
2013-02-07 00:00:00,2.871116649779425
2013-02-08 00:00:00,2.904079963273659
2013-02-11 00:00:00,2.9031736659168463
2013-02-12 00:00:00,2.9439353291435806
2013-02-13 00:00:00,2.9555621515928707
2013-02-14 00:00:00,2.959887045349326
2013-02-15 00:00:00,2.93070807423995
2013-02-19 00:00:00,2.9653830707715545
2013-02-20 00:00:00,2.8899922137262792
2013-02-21 00:00:00,2.86027036850251
2013-02-22 00:00:00,2.8769836241288624
2013-02-25 00:00:00,2.806091458025345
2013-02-26 00:00:00,2.847357789717326
2013-02-27 00:00:00,2.893674768470337
2013-02-28 00:00:00,2.8934640164544314
2013-03-01 00:00:00,2.9249814533361125
2013-03-04 00:00:00,2.939721065668029
2013-03-05 00:00:00,2.9575751895900906
2013-03-06 00:00:00,2.951031445447016
2013-03-07 00:00:00,2.9540100249430896
2013-03-08 00:00:00,2.959042310533673
2013-03-11 00:00:00,2.9486183328578575
2013-03-12 00:00:00,2.9575436756667863
2013-03-13 00:00:00,2.9763792854334548
2013-03-14 00:00:00,2.9999585194643923
2013-03-15 00:00:00,3.003505828232688
2013-03-18 00:00:00,2.9938794382771436
2013-03-19 00:00:00,2.9647272898629815
2013-03-20 00:00:00,3.0008365234535725
2013-03-21 00:00:00,2.9644603863841117
2013-03-22 00:00:00,2.972663241804181
2013-03-25 00:00:00,2.947930124347867
2013-03-26 00:00:00,2.9886933051294884
2013-03-27 00:00:00,2.9924302452967413
2013-03-28 00:00:00,3.009813008088446
2013-04-01 00:00:00,2.969734911932527
2013-04-02 00:00:00,2.9248748345867015
2013-04-03 00:00:00,2.8519093941626026
2013-04-04 00:00:00,2.860554189914844
2013-04-05 00:00:00,2.8624887118444087
2013-04-08 00:00:00,2.8781074411652163
2013-04-09 00:00:00,2.910443900070947
2013-04-10 00:00:00,2.931069000326509
2013-04-11 00:00:00,2.9762486886070993
2013-04-12 00:00:00,2.954668639281891
2013-04-15 00:00:00,2.8900873110451424
2013-04-16 00:00:00,2.9334002345387518
2013-04-17 00:00:00,2.8832889961713692
2013-04-18 00:00:00,2.8622481505194117
2013-04-19 00:00:00,2.8932603497406677
2013-04-22 00:00:00,2.941759954380098
2013-04-23 00:00:00,3.0996720301548084
2013-04-24 00:00:00,3.1013018102797703
2013-04-25 00:00:00,3.1021761912791157
2013-04-26 00:00:00,3.1050781440207493
2013-04-29 00:00:00,3.128909226854121
2013-04-30 00:00:00,3.1248165195197464
2013-05-01 00:00:00,3.066739045509504
2013-05-02 00:00:00,3.105458567513806
2013-05-03 00:00:00,3.145423927291736
2013-05-06 00:00:00,3.1555358273982628
2013-05-07 00:00:00,3.129098692700194
2013-05-08 00:00:00,3.1351508062090114
2013-05-09 00:00:00,3.210860998633535
2013-05-10 00:00:00,3.2621312539625693
2013-05-13 00:00:00,3.3509209449307544
2013-05-14 00:00:00,3.3798870912083174
2013-05-15 00:00:00,3.414815484442486
2013-05-16 00:00:00,3.3879782877488522
2013-05-17 00:00:00,3.4606300093011044
2013-05-20 00:00:00,3.472684351477576
2013-05-21 00:00:00,3.467040523583393
2013-05-22 00:00:00,3.4328875970297754
2013-05-23 00:00:00,3.3938170775503407
2013-05-24 00:00:00,3.3944816713968993
2013-05-28 00:00:00,3.4131210024901697
2013-05-29 00:00:00,3.3773557670496457
2013-05-30 00:00:00,3.4054694624794215
2013-05-31 00:00:00,3.3462312948981574
2013-06-03 00:00:00,3.2803857510616523
2013-06-04 00:00:00,3.2898519651816938
2013-06-05 00:00:00,3.2442072709813012
2013-06-06 00:00:00,3.2610310322618257
2013-06-07 00:00:00,3.3575503001478104
2013-06-10 00:00:00,3.3573281002614137
2013-06-11 00:00:00,3.28514417574295
2013-06-12 00:00:00,3.2602332693881997
2013-06-13 00:00:00,3.3303810757708034
2013-06-14 00:00:00,3.2973563575719
2013-06-17 00:00:00,3.36403435099794
2013-06-18 00:00:00,3.403508459163895
2013-06-19 00:00:00,3.3725355164465514
2013-06-20 00:00:00,3.2533828970025516
2013-06-21 00:00:00,3.2410431249211724
2013-06-24 00:00:00,3.19483503440101
2013-06-25 00:00:00,3.2282945073722846
2013-06-26 00:00:00,3.272403654242263
2013-06-27 00:00:00,3.3098993111500614
2013-06-28 00:00:00,3.296422156702923
2013-07-01 00:00:00,3.383136983880739
2013-07-02 00:00:00,3.3720114966680073
2013-07-03 00:00:00,3.345869091478569
2013-07-05 00:00:00,3.4173488551294517
2013-07-08 00:00:00,3.426603329268669
2013-07-09 00:00:00,3.4449223206367905
2013-07-10 00:00:00,3.4161677435598445
2013-07-11 00:00:00,3.4674021201440146
2013-07-12 00:00:00,3.5255697667590007
2013-07-15 00:00:00,3.535277609100518
2013-07-16 00:00:00,3.4644372530791383
2013-07-17 00:00:00,3.55107535849751
2013-07-18 00:00:00,3.5821456505804465
2013-07-19 00:00:00,3.5930048020638177
2013-07-22 00:00:00,3.608270248633679
2013-07-23 00:00:00,3.5797526570849536
2013-07-24 00:00:00,3.538923784353113
2013-07-25 00:00:00,3.573208003700751
2013-07-26 00:00:00,3.5689689310613613
2013-07-29 00:00:00,3.5560953928159726
2013-07-30 00:00:00,3.5604164643516554
2013-07-31 00:00:00,3.5948856099655
2013-08-01 00:00:00,3.6701869589891514
2013-08-02 00:00:00,3.6684693703300906
2013-08-05 00:00:00,3.721045851088831
2013-08-06 00:00:00,3.6786231201515336
2013-08-07 00:00:00,3.6158344934025086
2013-08-08 00:00:00,3.700700216789017
2013-08-09 00:00:00,3.696584654842291
2013-08-12 00:00:00,3.6736924208995676
2013-08-13 00:00:00,3.6881111074242514
2013-08-14 00:00:00,3.657127458852766
2013-08-15 00:00:00,3.5977500820152093
2013-08-16 00:00:00,3.6262510061530824
2013-08-19 00:00:00,3.608385717786731
2013-08-20 00:00:00,3.674315990931297
2013-08-21 00:00:00,3.653105824718863
2013-08-22 00:00:00,3.739824664097527
2013-08-23 00:00:00,3.778907575239251
2013-08-26 00:00:00,3.795160827878957
2013-08-27 00:00:00,3.7138642183315125
2013-08-28 00:00:00,3.744972129381038
2013-08-29 00:00:00,3.779241344427582
2013-08-30 00:00:00,3.7481198383502283
2013-09-03 00:00:00,3.816693927941174
2013-09-04 00:00:00,3.8829925507877245
2013-09-05 00:00:00,3.89010905457364
2013-09-06 00:00:00,3.8572869909115726
2013-09-09 00:00:00,3.916570947722785
2013-09-10 00:00:00,4.004259090997748
2013-09-11 00:00:00,3.986458104455207
2013-09-12 00:00:00,3.9646528589876926
2013-09-13 00:00:00,3.989429192728198
2013-09-16 00:00:00,4.007226309797624
2013-09-17 00:00:00,4.017283771794895
2013-09-18 00:00:00,4.062360557819265
2013-09-19 00:00:00,4.085990193801565
2013-09-20 00:00:00,4.092135799877553
2013-09-23 00:00:00,4.039321888861888
2013-09-24 00:00:00,4.071743111178023
2013-09-25 00:00:00,4.072708350331989
2013-09-26 00:00:00,4.1347925813781625
2013-09-27 00:00:00,4.132994330246042
2013-09-30 00:00:00,4.125005715441202
2013-10-01 00:00:00,4.185148607505447
2013-10-02 00:00:00,4.153629438631422
2013-10-03 00:00:00,4.114870692370509
2013-10-04 00:00:00,4.196553569070385
2013-10-07 00:00:00,4.1504715664573055
2013-10-08 00:00:00,4.011004650006928
2013-10-09 00:00:00,3.948356275940857
2013-10-10 00:00:00,4.061688273631654
2013-10-11 00:00:00,4.048113502785422
2013-10-14 00:00:00,4.110152942548839
2013-10-15 00:00:00,4.118229232625949
2013-10-16 00:00:00,4.163771169952843
2013-10-17 00:00:00,4.5500435036986335
2013-10-18 00:00:00,4.585391779851819
2013-10-21 00:00:00,4.561565004306072
2013-10-22 00:00:00,4.538914491133102
2013-10-23 00:00:00,4.490358332200196
2013-10-24 00:00:00,4.557354418261569
2013-10-25 00:00:00,4.510595565355523
2013-10-28 00:00:00,4.426718024288054
2013-10-29 00:00:00,4.523770248435869
2013-10-30 00:00:00,4.498485204254976
2013-10-31 00:00:00,4.508173994214802
2013-11-01 00:00:00,4.513159124725982
2013-11-04 00:00:00,4.631574726981622
2013-11-05 00:00:00,4.665613646506947
2013-11-06 00:00:00,4.551562241709309
2013-11-07 00:00:00,4.434686613266773
2013-11-08 00:00:00,4.467629825486819
2013-11-11 00:00:00,4.52189524836426
2013-11-12 00:00:00,4.486180295107919
2013-11-13 00:00:00,4.52186878357458
2013-11-14 00:00:00,4.543647233429206
2013-11-15 00:00:00,4.55490114720764
2013-11-18 00:00:00,4.444384306275861
2013-11-19 00:00:00,4.422632924273912
2013-11-20 00:00:00,4.391871480832079
2013-11-21 00:00:00,4.477793464743322
2013-11-22 00:00:00,4.5049746934943355
2013-11-25 00:00:00,4.496209151339187
2013-11-26 00:00:00,4.516553471557876
2013-11-27 00:00:00,4.5822911581684505
2013-11-29 00:00:00,4.589289156369246
2013-12-02 00:00:00,4.575852628380458
2013-12-03 00:00:00,4.655737790376427
2013-12-04 00:00:00,4.619216103755494
2013-12-05 00:00:00,4.605891380929999
2013-12-06 00:00:00,4.60948057634485
2013-12-09 00:00:00,4.666975802803563
2013-12-10 00:00:00,4.664624965196767
2013-12-11 00:00:00,4.6415269704314674
2013-12-12 00:00:00,4.71605675011763
2013-12-13 00:00:00,4.731581620857149
2013-12-16 00:00:00,4.735356417894478
2013-12-17 00:00:00,4.756672436009148
2013-12-18 00:00:00,4.776253041708858
2013-12-19 00:00:00,4.766972148014925
2013-12-20 00:00:00,4.81786617058632
2013-12-23 00:00:00,4.843128050373093
2013-12-24 00:00:00,4.887544432122353
2013-12-26 00:00:00,4.9210411115263595
2013-12-27 00:00:00,4.883432002046914
2013-12-30 00:00:00,4.858841903161085
2013-12-31 00:00:00,4.887661981983805
2014-01-02 00:00:00,4.842712091959645
2014-01-03 00:00:00,4.821074208605318
2014-01-06 00:00:00,4.781811905314892
2014-01-07 00:00:00,4.79548602921934
2014-01-08 00:00:00,4.849412314770438
2014-01-09 00:00:00,4.789959490670284
2014-01-10 00:00:00,4.8202244427605185
2014-01-13 00:00:00,4.728858397714809
2014-01-14 00:00:00,4.90858972093859
2014-01-15 00:00:00,4.904515288684127
2014-01-16 00:00:00,4.948973277234154
2014-01-17 00:00:00,4.9293436402827755
2014-01-21 00:00:00,5.008778471770453
2014-01-22 00:00:00,5.074625415536716
2014-01-23 00:00:00,5.084602217239259
2014-01-24 00:00:00,4.936031256405723
2014-01-27 00:00:00,4.889808327434877
2014-01-28 00:00:00,5.04147069628129
2014-01-29 00:00:00,4.950534351313952
2014-01-30 00:00:00,5.072273302866933
2014-01-31 00:00:00,5.050822303308341
2014-02-03 00:00:00,4.93230272768077
2014-02-04 00:00:00,4.998809731591427
2014-02-05 00:00:00,4.941680436924331
2014-02-06 00:00:00,5.0426242630769185
2014-02-07 00:00:00,5.202896962056039
2014-02-10 00:00:00,5.268302369856423
2014-02-11 00:00:00,5.309371289542801
2014-02-12 00:00:00,5.276511458064185
2014-02-13 00:00:00,5.346871894624518
2014-02-14 00:00:00,5.344515367147047
2014-02-18 00:00:00,5.446871970025603
2014-02-19 00:00:00,5.3540882589819905
2014-02-20 00:00:00,5.476588863058503
2014-02-21 00:00:00,5.465789541613493
2014-02-24 00:00:00,5.5518859591683825
2014-02-25 00:00:00,5.676215867580498
2014-02-26 00:00:00,5.711013328234003
2014-02-27 00:00:00,5.733614914584627
2014-02-28 00:00:00,5.637541564175345
2014-03-03 00:00:00,5.607272888339309
2014-03-04 00:00:00,5.754265162030332
2014-03-05 00:00:00,5.730226296596144
2014-03-06 00:00:00,5.724560452416746
2014-03-07 00:00:00,5.656321111926836
2014-03-10 00:00:00,5.60409312521094
2014-03-11 00:00:00,5.543554884930041
2014-03-12 00:00:00,5.596491659714343
2014-03-13 00:00:00,5.471645459415041
2014-03-14 00:00:00,5.463852066982281
2014-03-17 00:00:00,5.495666180157049
2014-03-18 00:00:00,5.586617197936339
2014-03-19 00:00:00,5.53721715389468
2014-03-20 00:00:00,5.544375814554934
2014-03-21 00:00:00,5.407876849673149
2014-03-24 00:00:00,5.299517405916406
2014-03-25 00:00:00,5.296958747565509
2014-03-26 00:00:00,5.209383238614172
2014-03-27 00:00:00,5.192585652405489
2014-03-28 00:00:00,5.193509791891826
2014-03-31 00:00:00,5.2648152116735165
2014-04-01 00:00:00,5.418161182479165
2014-04-02 00:00:00,5.467740792822384
2014-04-03 00:00:00,5.37382329192555
2014-04-04 00:00:00,5.191897931068155
2014-04-07 00:00:00,5.142808567505942
2014-04-08 00:00:00,5.187927345325154
2014-04-09 00:00:00,5.289649925660677
2014-04-10 00:00:00,5.030054883067949
2014-04-11 00:00:00,4.941789379611276
2014-04-14 00:00:00,4.929808352704197
2014-04-15 00:00:00,4.942828175961553
2014-04-16 00:00:00,5.0781553827290695
2014-04-17 00:00:00,5.131884753936067
2014-04-21 00:00:00,5.238457517984361
2014-04-22 00:00:00,5.369673507852884
2014-04-23 00:00:00,5.33380542411018
2014-04-24 00:00:00,5.339229216390197
2014-04-25 00:00:00,5.159971294514193
2014-04-28 00:00:00,5.077958035617501
2014-04-29 00:00:00,5.161149005551452
2014-04-30 00:00:00,5.20103366863378
2014-05-01 00:00:00,5.210357313008567
2014-05-02 00:00:00,5.239050938849265
2014-05-05 00:00:00,5.268430373413463
2014-05-06 00:00:00,5.179588992353752
2014-05-07 00:00:00,5.140564102065199
2014-05-08 00:00:00,5.021376895639351
2014-05-09 00:00:00,5.022536201695582
2014-05-12 00:00:00,5.134340886836442
2014-05-13 00:00:00,5.185712015857885
2014-05-14 00:00:00,5.137660380426478
2014-05-15 00:00:00,5.07905723143185
2014-05-16 00:00:00,5.121174748409866
2014-05-19 00:00:00,5.21192060261787
2014-05-20 00:00:00,5.158080906621432
2014-05-21 00:00:00,5.233009425221729
2014-05-22 00:00:00,5.294913141437556
2014-05-23 00:00:00,5.353722837939132
2014-05-27 00:00:00,5.42227901922822
2014-05-28 00:00:00,5.441735675544048
2014-05-29 00:00:00,5.49059602244601
2014-05-30 00:00:00,5.473196903889461
2014-06-02 00:00:00,5.459104580201249
2014-06-03 00:00:00,5.457834206955139
2014-06-04 00:00:00,5.4884704919806175
2014-06-05 00:00:00,5.5528126292325135
2014-06-06 00:00:00,5.594925679633267
2014-06-09 00:00:00,5.595170344475008
2014-06-10 00:00:00,5.645607874893513
2014-06-11 00:00:00,5.650312654854684
2014-06-12 00:00:00,5.581855416816836
2014-06-13 00:00:00,5.61215524148791
2014-06-16 00:00:00,5.684077268964497
2014-06-17 00:00:00,5.718011306782074
2014-06-18 00:00:00,5.754222974594745
2014-06-19 00:00:00,5.795718950490807
2014-06-20 00:00:00,5.7809570351454935
2014-06-23 00:00:00,5.768398513963973
2014-06-24 00:00:00,5.707191740858633
2014-06-25 00:00:00,5.788756524876062
2014-06-26 00:00:00,5.76341978567361
2014-06-27 00:00:00,5.791161484346607
2014-06-30 00:00:00,5.8316541135885585
2014-07-01 00:00:00,5.882978877716413
2014-07-02 00:00:00,5.808950863306089
2014-07-03 00:00:00,5.850790657812486
2014-07-07 00:00:00,5.766116234573425
2014-07-08 00:00:00,5.6194222309464665
2014-07-09 00:00:00,5.696881831429914
2014-07-10 00:00:00,5.655681833368528
2014-07-11 00:00:00,5.68857603860578
2014-07-14 00:00:00,5.742020169077109
2014-07-15 00:00:00,5.679752256319966
2014-07-16 00:00:00,5.6858639200570265
2014-07-17 00:00:00,5.5776725336477995
2014-07-18 00:00:00,5.689500271185247
2014-07-21 00:00:00,5.678868171023533
2014-07-22 00:00:00,5.72284964372749
2014-07-23 00:00:00,5.745343808409902
2014-07-24 00:00:00,5.84472427358112
2014-07-25 00:00:00,5.768682106576414
2014-07-28 00:00:00,5.7178450715981155
2014-07-29 00:00:00,5.69967025293653
2014-07-30 00:00:00,5.763474750988345
2014-07-31 00:00:00,5.580946063962997
2014-08-01 00:00:00,5.538575277864311
2014-08-04 00:00:00,5.614654416758275
2014-08-05 00:00:00,5.543067568587153
2014-08-06 00:00:00,5.520591440827798
2014-08-07 00:00:00,5.479645640648449
2014-08-08 00:00:00,5.510638867028524
2014-08-11 00:00:00,5.569285507290198
2014-08-12 00:00:00,5.540122942552074
2014-08-13 00:00:00,5.615100733621997
2014-08-14 00:00:00,5.622132204616725
2014-08-15 00:00:00,5.637475956612755
2014-08-18 00:00:00,5.7049967493623965
2014-08-19 00:00:00,5.735547554638473
2014-08-20 00:00:00,5.729776484081893
2014-08-21 00:00:00,5.742227352187868
2014-08-22 00:00:00,5.734544357721121
2014-08-25 00:00:00,5.77201916613669
2014-08-26 00:00:00,5.8096072141328365
2014-08-27 00:00:00,5.796653155231051
2014-08-28 00:00:00,5.783126880675983
2014-08-29 00:00:00,5.8360694406999
2014-09-02 00:00:00,5.894184516259494
2014-09-03 00:00:00,5.884712443242935
2014-09-04 00:00:00,5.854352663880147
2014-09-05 00:00:00,5.900364514083961
2014-09-08 00:00:00,5.90359540037665
2014-09-09 00:00:00,5.818726664191745
2014-09-10 00:00:00,5.8591142799655245
2014-09-11 00:00:00,5.867201883927402
2014-09-12 00:00:00,5.845036273613496
2014-09-15 00:00:00,5.781022593680889
2014-09-16 00:00:00,5.87278406934673
2014-09-17 00:00:00,5.885063551587204
2014-09-18 00:00:00,5.942007717100707
2014-09-19 00:00:00,5.909734263503653
2014-09-22 00:00:00,5.827884153582485
2014-09-23 00:00:00,5.761829698378418
2014-09-24 00:00:00,5.8340168861320425
2014-09-25 00:00:00,5.762810057914856
2014-09-26 00:00:00,5.8539394047629685
2014-09-29 00:00:00,5.877586322490219
2014-09-30 00:00:00,5.840193064413927
2014-10-01 00:00:00,5.7155694321995485
2014-10-02 00:00:00,5.712437670158646
2014-10-03 00:00:00,5.811477696151805
2014-10-06 00:00:00,5.73956645020123
2014-10-07 00:00:00,5.59563737453721
2014-10-08 00:00:00,5.663905279578255
2014-10-09 00:00:00,5.466045527502582
2014-10-10 00:00:00,5.287844744743626
2014-10-13 00:00:00,5.178751274953634
2014-10-14 00:00:00,5.246920398507111
2014-10-15 00:00:00,5.246531661430634
2014-10-16 00:00:00,5.264765704081938
2014-10-17 00:00:00,5.360242515901046
2014-10-20 00:00:00,5.452974885845947
2014-10-21 00:00:00,5.594189658064306
2014-10-22 00:00:00,5.602599361708342
2014-10-23 00:00:00,5.708079441703166
2014-10-24 00:00:00,5.751813772671881
2014-10-27 00:00:00,5.729335249733927
2014-10-28 00:00:00,5.820199096438488
2014-10-29 00:00:00,5.7979921641466525
2014-10-30 00:00:00,5.7963201333977175
2014-10-31 00:00:00,5.89497433264489
2014-11-03 00:00:00,5.913678258347867
2014-11-04 00:00:00,5.891901467034744
2014-11-05 00:00:00,5.831615611872726
2014-11-06 00:00:00,5.90436905318464
2014-11-07 00:00:00,5.93851441905026
2014-11-10 00:00:00,5.9757028311898175
2014-11-11 00:00:00,5.995122902327914
2014-11-12 00:00:00,5.985466355082123
2014-11-13 00:00:00,5.9727415246238
2014-11-14 00:00:00,5.994894776420368
2014-11-17 00:00:00,5.962904790099535
2014-11-18 00:00:00,6.00642423479785
2014-11-19 00:00:00,5.965659132032933
2014-11-20 00:00:00,5.983614090366535
2014-11-21 00:00:00,6.010322749992819
2014-11-24 00:00:00,6.094149973166957
2014-11-25 00:00:00,6.131475359182619
2014-11-26 00:00:00,6.176514270280974
2014-11-28 00:00:00,6.17049211100034
2014-12-01 00:00:00,6.061145038425778
2014-12-02 00:00:00,6.097835253101977
2014-12-03 00:00:00,6.147064893033908
2014-12-04 00:00:00,6.124673992550859
2014-12-05 00:00:00,6.135468607149271
2014-12-08 00:00:00,6.062189956008932
2014-12-09 00:00:00,6.099976053466552
2014-12-10 00:00:00,5.986278789623197
2014-12-11 00:00:00,6.066902898326952
2014-12-12 00:00:00,6.011021733534033
2014-12-15 00:00:00,5.9786213132957355
2014-12-16 00:00:00,5.8978771150853655
2014-12-17 00:00:00,6.044135442189147
2014-12-18 00:00:00,6.235479766307307
2014-12-19 00:00:00,6.273012694307777
2014-12-22 00:00:00,6.3398384027005195
2014-12-23 00:00:00,6.299884396557884
2014-12-24 00:00:00,6.341340906285821
2014-12-26 00:00:00,6.384129127558255
2014-12-29 00:00:00,6.319909209571381
2014-12-30 00:00:00,6.271181381494692
2014-12-31 00:00:00,6.239559372940631
2015-01-02 00:00:00,6.242738695576533
2015-01-05 00:00:00,6.195794515211257
2015-01-06 00:00:00,6.110707333327981
2015-01-07 00:00:00,6.207034344742235
2015-01-08 00:00:00,6.345159270776649
2015-01-09 00:00:00,6.284152639643004
2015-01-12 00:00:00,6.234633634810614
2015-01-13 00:00:00,6.220790510357096
2015-01-14 00:00:00,6.1875616176806005
2015-01-15 00:00:00,6.102269271346516
2015-01-16 00:00:00,6.235015954946661
2015-01-20 00:00:00,6.336024671497816
2015-01-21 00:00:00,6.317641471141293
2015-01-22 00:00:00,6.443715464540131
2015-01-23 00:00:00,6.471828647229288
2015-01-26 00:00:00,6.5062649683273825
2015-01-27 00:00:00,6.436397943501619
2015-01-28 00:00:00,6.399123827416493
2015-01-29 00:00:00,6.375002719554916
2015-01-30 00:00:00,6.262897623554796
2015-02-02 00:00:00,6.261936009122424
2015-02-03 00:00:00,6.271384575731468
2015-02-04 00:00:00,6.3141750528813905
2015-02-05 00:00:00,6.366839020935718
2015-02-06 00:00:00,6.314241792185161
2015-02-09 00:00:00,6.232464561136825
2015-02-10 00:00:00,6.345948602554016
2015-02-11 00:00:00,6.388228973785881
2015-02-12 00:00:00,6.446948877093162
2015-02-13 00:00:00,6.452482394720235
2015-02-17 00:00:00,6.462228084658876
2015-02-18 00:00:00,6.50127207311361
2015-02-19 00:00:00,6.471082742442842
2015-02-20 00:00:00,6.510781654519889
2015-02-23 00:00:00,6.49744468336503
2015-02-24 00:00:00,6.519899970653561
2015-02-25 00:00:00,6.501211187813778
2015-02-26 00:00:00,6.524488778924435
2015-02-27 00:00:00,6.48580564527651
2015-03-02 00:00:00,6.577370859590464
2015-03-03 00:00:00,6.5436981009562185
2015-03-04 00:00:00,6.504800659336545
2015-03-05 00:00:00,6.513310441293999
2015-03-06 00:00:00,6.405293124715731
2015-03-09 00:00:00,6.419098723978056
2015-03-10 00:00:00,6.324650472939166
2015-03-11 00:00:00,6.353406963978196
2015-03-12 00:00:00,6.412460744135672
2015-03-13 00:00:00,6.379399614388533
2015-03-16 00:00:00,6.4926679121753565
2015-03-17 00:00:00,6.462880330704869
2015-03-18 00:00:00,6.533507208597535
2015-03-19 00:00:00,6.571534179246331
2015-03-20 00:00:00,6.6044755106749955
2015-03-23 00:00:00,6.553669054933646
2015-03-24 00:00:00,6.523999906986895
2015-03-25 00:00:00,6.357157525532826
2015-03-26 00:00:00,6.371348711658591
2015-03-27 00:00:00,6.48154723379107
2015-03-30 00:00:00,6.554834753512894
2015-03-31 00:00:00,6.479364703379006
2015-04-01 00:00:00,6.422239315550895
2015-04-02 00:00:00,6.445769117538888
2015-04-06 00:00:00,6.449477377735795
2015-04-07 00:00:00,6.4494900038311345
2015-04-08 00:00:00,6.53585789955702
2015-04-09 00:00:00,6.536326304121375
2015-04-10 00:00:00,6.581101777619338
2015-04-13 00:00:00,6.523889955676052
2015-04-14 00:00:00,6.504204641872246
2015-04-15 00:00:00,6.508850514615399
2015-04-16 00:00:00,6.547442050620007
2015-04-17 00:00:00,6.426407329242531
2015-04-20 00:00:00,6.504669756324665
2015-04-21 00:00:00,6.5958946153353
2015-04-22 00:00:00,6.592199679408587
2015-04-23 00:00:00,6.61042376915255
2015-04-24 00:00:00,6.604120995625275
2015-04-27 00:00:00,6.536884833234756
2015-04-28 00:00:00,6.507419005215897
2015-04-29 00:00:00,6.426822813027426
2015-04-30 00:00:00,6.340728813888249
2015-05-01 00:00:00,6.398191818177822
2015-05-04 00:00:00,6.4730197486347185
2015-05-05 00:00:00,6.340662434804932
2015-05-06 00:00:00,6.3770706990784625
2015-05-07 00:00:00,6.521233694505448
2015-05-08 00:00:00,6.634250796884607
2015-05-11 00:00:00,6.68642317924264
2015-05-12 00:00:00,6.698630270852252
2015-05-13 00:00:00,6.727120051881497
2015-05-14 00:00:00,6.859874491042908
2015-05-15 00:00:00,6.811390075764809
2015-05-18 00:00:00,6.84296256854619
2015-05-19 00:00:00,6.830189503929344
2015-05-20 00:00:00,6.817197814814148
2015-05-21 00:00:00,6.838726864613061
2015-05-22 00:00:00,6.831297438748774
2015-05-26 00:00:00,6.770804616920244
2015-05-27 00:00:00,6.814910464469275
2015-05-28 00:00:00,6.816944152025662
2015-05-29 00:00:00,6.831424483560097
2015-06-01 00:00:00,6.8490709146419375
2015-06-02 00:00:00,6.8204107517538715
2015-06-03 00:00:00,6.825080524350785
2015-06-04 00:00:00,6.777949320731985
2015-06-05 00:00:00,6.831907539933504
2015-06-08 00:00:00,6.772869913990525
2015-06-09 00:00:00,6.758070407645581
2015-06-10 00:00:00,6.833333978418375
2015-06-11 00:00:00,6.837176709933697
2015-06-12 00:00:00,6.840972315892758
2015-06-15 00:00:00,6.870648849181382
2015-06-16 00:00:00,6.948205697861606
2015-06-17 00:00:00,6.9575261172126535
2015-06-18 00:00:00,7.0302859829270075
2015-06-19 00:00:00,7.013097409206574
2015-06-22 00:00:00,7.0730214476683475
2015-06-23 00:00:00,7.1020146192277185
2015-06-24 00:00:00,7.023089494908139
2015-06-25 00:00:00,7.04617758087551
2015-06-26 00:00:00,6.955088058408684
2015-06-29 00:00:00,6.7870053342282874
2015-06-30 00:00:00,6.810911446519972
2015-07-01 00:00:00,6.854979035094718
2015-07-02 00:00:00,6.8168540174022665
2015-07-06 00:00:00,6.761161633906909
2015-07-07 00:00:00,6.712289129368993
2015-07-08 00:00:00,6.611715414777039
2015-07-09 00:00:00,6.736643857403498
2015-07-10 00:00:00,6.791916135496885
2015-07-13 00:00:00,6.848467074865761
2015-07-14 00:00:00,6.903832848448817
2015-07-15 00:00:00,6.855747042445799
2015-07-16 00:00:00,7.069735142987262
2015-07-17 00:00:00,7.057542909685133
2015-07-20 00:00:00,7.055200128791021
2015-07-21 00:00:00,7.067797978689159
2015-07-22 00:00:00,7.024687485316365
2015-07-23 00:00:00,7.081033058144111
2015-07-24 00:00:00,6.987611402229248
2015-07-27 00:00:00,6.792601848598736
2015-07-28 00:00:00,6.854371632573251
2015-07-29 00:00:00,6.879015906975528
2015-07-30 00:00:00,6.876826760178682
2015-07-31 00:00:00,6.893611041620817
2015-08-03 00:00:00,6.86224418040759
2015-08-04 00:00:00,6.931589635708629
2015-08-05 00:00:00,7.183053546813287
2015-08-06 00:00:00,7.035000627160324
2015-08-07 00:00:00,7.0500650967507195
2015-08-10 00:00:00,7.1324332117144245
2015-08-11 00:00:00,7.065167013886801
2015-08-12 00:00:00,7.00133390229196
2015-08-13 00:00:00,7.036737014606214
2015-08-14 00:00:00,7.039495680068617
2015-08-17 00:00:00,7.153751210559613
2015-08-18 00:00:00,7.116960304128132
2015-08-19 00:00:00,7.07139346583118
2015-08-20 00:00:00,6.767057106446539
2015-08-21 00:00:00,6.524589707486884
2015-08-24 00:00:00,6.262132333637634
2015-08-25 00:00:00,6.345721229979704
2015-08-26 00:00:00,6.682083139406116
2015-08-27 00:00:00,6.802948730737905
2015-08-28 00:00:00,6.807432165765181
2015-08-31 00:00:00,6.728474374843253
2015-09-01 00:00:00,6.461252657102442
2015-09-02 00:00:00,6.584896906694688
2015-09-03 00:00:00,6.536243290249671
2015-09-04 00:00:00,6.437000363550268
2015-09-08 00:00:00,6.534000479404059
2015-09-09 00:00:00,6.544926181740858
2015-09-10 00:00:00,6.5973637917324925
2015-09-11 00:00:00,6.610857843201221
2015-09-14 00:00:00,6.591157663272597
2015-09-15 00:00:00,6.710412518180201
2015-09-16 00:00:00,6.6934747728417445
2015-09-17 00:00:00,6.673043538076669
2015-09-18 00:00:00,6.595528545639494
2015-09-21 00:00:00,6.621246182813491
2015-09-22 00:00:00,6.526858891932906
2015-09-23 00:00:00,6.547214222718789
2015-09-24 00:00:00,6.5058180630864415
2015-09-25 00:00:00,6.47540124040738
2015-09-28 00:00:00,6.267724312017436
2015-09-29 00:00:00,6.206135857620205
2015-09-30 00:00:00,6.3869301676946995
2015-10-01 00:00:00,6.435120586104808
2015-10-02 00:00:00,6.5280308597446695
2015-10-05 00:00:00,6.664378125082156
2015-10-06 00:00:00,6.572237482359854
2015-10-07 00:00:00,6.637601051850489
2015-10-08 00:00:00,6.699445452463187
2015-10-09 00:00:00,6.727848268196014
2015-10-12 00:00:00,6.784064155587908
2015-10-13 00:00:00,6.6927411595751805
2015-10-14 00:00:00,6.673879778219586
2015-10-15 00:00:00,6.734108452131611
2015-10-16 00:00:00,6.8014505981734175
2015-10-19 00:00:00,6.828802527305531
2015-10-20 00:00:00,6.734211077618619
2015-10-21 00:00:00,6.676044662713013
2015-10-22 00:00:00,6.763277104766817
2015-10-23 00:00:00,6.720541721080756
2015-10-26 00:00:00,6.736733774872445
2015-10-27 00:00:00,6.705548724648337
2015-10-28 00:00:00,6.872761804949805
2015-10-29 00:00:00,6.804773134608213
2015-10-30 00:00:00,6.788104163401474
2015-11-02 00:00:00,6.809887108729839
2015-11-03 00:00:00,6.791007402723575
2015-11-04 00:00:00,6.970192729285037
2015-11-05 00:00:00,6.989023747680252
2015-11-06 00:00:00,7.046875794595102
2015-11-09 00:00:00,6.9504899489010965
2015-11-10 00:00:00,6.945965199924253
2015-11-11 00:00:00,6.9952339486320545
2015-11-12 00:00:00,6.966613789292247
2015-11-13 00:00:00,6.788934984539885
2015-11-16 00:00:00,6.852023645241573
2015-11-17 00:00:00,6.917994264903205
2015-11-18 00:00:00,7.006388629303735
2015-11-19 00:00:00,7.045102509177131
2015-11-20 00:00:00,7.140751266383095
2015-11-23 00:00:00,7.149564755931925
2015-11-24 00:00:00,7.117307891573079
2015-11-25 00:00:00,7.160650869020933
2015-11-27 00:00:00,7.171738111233785
2015-11-30 00:00:00,7.082078634518128
2015-12-01 00:00:00,7.175917677129045
2015-12-02 00:00:00,7.168152542229976
2015-12-03 00:00:00,7.056062361258807
2015-12-04 00:00:00,7.2247104991269335
2015-12-07 00:00:00,7.176951603170193
2015-12-08 00:00:00,7.2595210832629125
2015-12-09 00:00:00,7.11569453420856
2015-12-10 00:00:00,7.1267174826809745
2015-12-11 00:00:00,6.991319818831725
2015-12-14 00:00:00,7.07210590042909
2015-12-15 00:00:00,7.108282159603381
2015-12-16 00:00:00,7.242566255740823
2015-12-17 00:00:00,7.2151548072803795
2015-12-18 00:00:00,7.084295183588074
2015-12-21 00:00:00,7.138437989342744
2015-12-22 00:00:00,7.142352751142364
2015-12-23 00:00:00,7.1785554208027245
2015-12-24 00:00:00,7.16425860246177
2015-12-28 00:00:00,7.215270168678837
2015-12-29 00:00:00,7.324511445382842
2015-12-30 00:00:00,7.258605757009456
2015-12-31 00:00:00,7.1603437501985905
2016-01-04 00:00:00,6.992598081466496
2016-01-05 00:00:00,7.054992541506448
2016-01-06 00:00:00,6.99830453969363
2016-01-07 00:00:00,6.8083927457904405
2016-01-08 00:00:00,6.73573205105293
2016-01-11 00:00:00,6.798040688907585
2016-01-12 00:00:00,6.773911897358186
2016-01-13 00:00:00,6.521831472931609
2016-01-14 00:00:00,6.59046288340842
2016-01-15 00:00:00,6.519780919648475
2016-01-19 00:00:00,6.5296411498984295
2016-01-20 00:00:00,6.5459883464949105
2016-01-21 00:00:00,6.4817450657763205
2016-01-22 00:00:00,6.52846671904422
2016-01-25 00:00:00,6.453721282561537
2016-01-26 00:00:00,6.502269238441305
2016-01-27 00:00:00,6.331578841152028
2016-01-28 00:00:00,6.453992370888101
2016-01-29 00:00:00,6.5267834402721485
2016-02-01 00:00:00,6.516487096668735
2016-02-02 00:00:00,6.3869493317896495
2016-02-03 00:00:00,6.2597217123258835
2016-02-04 00:00:00,6.236920227659234
2016-02-05 00:00:00,6.027579556147956
2016-02-08 00:00:00,5.860547695563175
2016-02-09 00:00:00,5.8596387858268395
2016-02-10 00:00:00,5.975318864162189
2016-02-11 00:00:00,6.047999973525201
2016-02-12 00:00:00,6.138387927570762
2016-02-16 00:00:00,6.301278992615554
2016-02-17 00:00:00,6.407830481541155
2016-02-18 00:00:00,6.443358486176804
2016-02-19 00:00:00,6.42945020580097
2016-02-22 00:00:00,6.570139934859025
2016-02-23 00:00:00,6.531476978355909
2016-02-24 00:00:00,6.573093865378416
2016-02-25 00:00:00,6.645822500291267
2016-02-26 00:00:00,6.594183973368158
2016-02-29 00:00:00,6.595904449871858
2016-03-01 00:00:00,6.7056756068497485
2016-03-02 00:00:00,6.6692411013097415
2016-03-03 00:00:00,6.682025557178725
2016-03-04 00:00:00,6.6042226556775265
2016-03-07 00:00:00,6.5656065429828665
2016-03-08 00:00:00,6.5448804528689815
2016-03-09 00:00:00,6.564449585592669
2016-03-10 00:00:00,6.60826941242215
2016-03-11 00:00:00,6.68519246877573
2016-03-14 00:00:00,6.701622727639495
2016-03-15 00:00:00,6.678887555018865
2016-03-16 00:00:00,6.834471425062274
2016-03-17 00:00:00,6.8222808153828245
2016-03-18 00:00:00,6.819088071485208
2016-03-21 00:00:00,6.82136458089818
2016-03-22 00:00:00,6.80918260142768
2016-03-23 00:00:00,6.79148976773426
2016-03-24 00:00:00,6.821633184495861
2016-03-28 00:00:00,6.909944260730631
2016-03-29 00:00:00,7.018491609596291
2016-03-30 00:00:00,7.031066576511579
2016-03-31 00:00:00,7.018939738201611
2016-04-01 00:00:00,7.070004400501209
2016-04-04 00:00:00,7.1140653787623584
2016-04-05 00:00:00,7.0765153369678
2016-04-06 00:00:00,7.134139885407479
2016-04-07 00:00:00,7.107893594306894
2016-04-08 00:00:00,7.139037205001159
2016-04-11 00:00:00,7.170608633053782
2016-04-12 00:00:00,7.213559891117886
2016-04-13 00:00:00,7.253697673613596
2016-04-14 00:00:00,7.2048094900197945
2016-04-15 00:00:00,7.224231855867936
2016-04-18 00:00:00,7.271403815732281
2016-04-19 00:00:00,7.354089351129679
2016-04-20 00:00:00,7.3243512104608
2016-04-21 00:00:00,7.324706976200969
2016-04-22 00:00:00,7.293525963268338
2016-04-25 00:00:00,7.312220882143325
2016-04-26 00:00:00,7.311026155975088
2016-04-27 00:00:00,7.327349747365946
2016-04-28 00:00:00,7.280609930589299
2016-04-29 00:00:00,7.306647095874866
2016-05-02 00:00:00,7.366637319467029
2016-05-03 00:00:00,7.243138354980586
2016-05-04 00:00:00,7.141739967196949
2016-05-05 00:00:00,7.206186993793749
2016-05-06 00:00:00,7.337750010984392
2016-05-09 00:00:00,7.236742407641889
2016-05-10 00:00:00,7.272176182486399
2016-05-11 00:00:00,7.265518570121917
2016-05-12 00:00:00,7.2078642615414195
2016-05-13 00:00:00,7.2560337254821095
2016-05-16 00:00:00,7.3067218865120935
2016-05-17 00:00:00,7.244221113911714
2016-05-18 00:00:00,7.134443978162293
2016-05-19 00:00:00,7.127251114801069
2016-05-20 00:00:00,7.2038311522592915
2016-05-23 00:00:00,7.222273242158799
2016-05-24 00:00:00,7.208344409435565
2016-05-25 00:00:00,7.209959699783987
2016-05-26 00:00:00,7.265341303326254
2016-05-27 00:00:00,7.285963757838879
2016-05-31 00:00:00,7.30283857740126
2016-06-01 00:00:00,7.274287322875735
2016-06-02 00:00:00,7.271752710827701
2016-06-03 00:00:00,7.423399512692555
2016-06-06 00:00:00,7.574133382247982
2016-06-07 00:00:00,7.593044577092057
2016-06-08 00:00:00,7.653883506988211
2016-06-09 00:00:00,7.677559737948014
2016-06-10 00:00:00,7.509625009126261
2016-06-13 00:00:00,7.543815173447897
2016-06-14 00:00:00,7.479850706279136
2016-06-15 00:00:00,7.551044386351895
2016-06-16 00:00:00,7.624965793640196
2016-06-17 00:00:00,7.739155688751371
2016-06-20 00:00:00,7.805218009167839
2016-06-21 00:00:00,7.875450751704225
2016-06-22 00:00:00,7.7862362771904206
2016-06-23 00:00:00,7.928306712069737
2016-06-24 00:00:00,7.675981552805928
2016-06-27 00:00:00,7.58127867543173
2016-06-28 00:00:00,7.767448790722344
2016-06-29 00:00:00,7.924163741149381
2016-06-30 00:00:00,8.045572608099056
2016-07-01 00:00:00,8.218132116397646
2016-07-05 00:00:00,8.116303260973913
2016-07-06 00:00:00,8.213420133505384
2016-07-07 00:00:00,8.141887743813983
2016-07-08 00:00:00,8.287443413048786
2016-07-11 00:00:00,8.355813054492147
2016-07-12 00:00:00,8.349275568853798
2016-07-13 00:00:00,8.43218868877282
2016-07-14 00:00:00,8.468401372193155
2016-07-15 00:00:00,8.431152178591642
2016-07-18 00:00:00,8.520732836346589
2016-07-19 00:00:00,8.419545061479804
2016-07-20 00:00:00,8.311965447333076
2016-07-21 00:00:00,8.370689526276275
2016-07-22 00:00:00,8.540698348909093
2016-07-25 00:00:00,8.591413116692141
2016-07-26 00:00:00,8.765792676299437
2016-07-27 00:00:00,8.853700582216382
2016-07-28 00:00:00,9.023780956886487
2016-07-29 00:00:00,9.199114531131888
2016-08-01 00:00:00,9.145845557460405
2016-08-02 00:00:00,9.13523690388271
2016-08-03 00:00:00,9.13375863978798
2016-08-04 00:00:00,9.183611186036728
2016-08-05 00:00:00,9.181089218134675
2016-08-08 00:00:00,9.234918390243653
2016-08-09 00:00:00,9.275125441318917
2016-08-10 00:00:00,9.31134833861129
2016-08-11 00:00:00,9.371285568734322
2016-08-12 00:00:00,9.392961638155368
2016-08-15 00:00:00,9.460164297730076
2016-08-16 00:00:00,9.405931979684409
2016-08-17 00:00:00,9.332219374702476
2016-08-18 00:00:00,9.487230857795499
2016-08-19 00:00:00,9.441463312990878
2016-08-22 00:00:00,9.437964737724583
2016-08-23 00:00:00,9.461804930329183
2016-08-24 00:00:00,9.146057153607973
2016-08-25 00:00:00,9.221999152180048
2016-08-26 00:00:00,9.195901185974954
2016-08-29 00:00:00,9.364919870359714
2016-08-30 00:00:00,9.14636710440435
2016-08-31 00:00:00,9.07217542344317
2016-09-01 00:00:00,9.171553936566314
2016-09-02 00:00:00,9.296796941240876
2016-09-06 00:00:00,9.438436985711283
2016-09-07 00:00:00,9.26826776575413
2016-09-08 00:00:00,9.124579887740783
2016-09-09 00:00:00,8.733867712164676
2016-09-12 00:00:00,8.915183507469756
2016-09-13 00:00:00,8.730828773810382
2016-09-14 00:00:00,8.886526850479164
2016-09-15 00:00:00,9.065906882414108
2016-09-16 00:00:00,9.034874425763542
2016-09-19 00:00:00,9.10228936529864
2016-09-20 00:00:00,9.098480854829965
2016-09-21 00:00:00,9.380378976898962
2016-09-22 00:00:00,9.326445494197728
2016-09-23 00:00:00,9.373682685567783
2016-09-26 00:00:00,9.28195899216891
2016-09-27 00:00:00,9.45589740311207
2016-09-28 00:00:00,9.542924764218524
2016-09-29 00:00:00,9.534592240962949
2016-09-30 00:00:00,9.569753261276258
2016-10-03 00:00:00,9.539137480519935
2016-10-04 00:00:00,9.357166555991512
2016-10-05 00:00:00,9.370470880178312
2016-10-06 00:00:00,9.31974896593979
2016-10-07 00:00:00,9.281639268763445
2016-10-10 00:00:00,9.425153686940664
2016-10-11 00:00:00,9.228145050066093
2016-10-12 00:00:00,9.30695705362679
2016-10-13 00:00:00,9.196247675116837
2016-10-14 00:00:00,9.2813587785084
2016-10-17 00:00:00,9.309221773830828
2016-10-18 00:00:00,9.506805747301541
2016-10-19 00:00:00,9.544297997090588
2016-10-20 00:00:00,9.619568259730926
2016-10-21 00:00:00,9.515901045040701
2016-10-24 00:00:00,9.706715141929442
2016-10-25 00:00:00,9.85492239033545
2016-10-26 00:00:00,9.725828402224224
2016-10-27 00:00:00,9.593984085269938
2016-10-28 00:00:00,9.638164777236792
2016-10-31 00:00:00,9.7459711147872
2016-11-01 00:00:00,9.64825922042613
2016-11-02 00:00:00,9.433674358582499
2016-11-03 00:00:00,9.398357502567228
2016-11-04 00:00:00,9.320022850883317
2016-11-07 00:00:00,9.58977114682468
2016-11-08 00:00:00,9.657709446326784
2016-11-09 00:00:00,9.612578046570789
2016-11-10 00:00:00,9.174183272930337
2016-11-11 00:00:00,9.649442141653383
2016-11-14 00:00:00,9.556918338411633
2016-11-15 00:00:00,9.799373794862307
2016-11-16 00:00:00,10.081658372983584
2016-11-17 00:00:00,10.299175506522458
2016-11-18 00:00:00,10.339950545870616
2016-11-21 00:00:00,10.51305690022114
2016-11-22 00:00:00,10.62452865449866
2016-11-23 00:00:00,10.636680457913553
2016-11-25 00:00:00,10.576748962139296
2016-11-28 00:00:00,10.634691952618097
2016-11-29 00:00:00,10.612985317905455
2016-11-30 00:00:00,10.515183851301437
2016-12-01 00:00:00,10.141503784961742
2016-12-02 00:00:00,10.237068365822536
2016-12-05 00:00:00,10.427877052490594
2016-12-06 00:00:00,10.590403567181829
2016-12-07 00:00:00,10.681162471994606
2016-12-08 00:00:00,10.775741070392785
2016-12-09 00:00:00,10.625585291971767
2016-12-12 00:00:00,10.657625600083064
2016-12-13 00:00:00,10.606006639170797
2016-12-14 00:00:00,10.57653275595306
2016-12-15 00:00:00,10.70307530171883
2016-12-16 00:00:00,10.533628090292238
2016-12-19 00:00:00,10.57611968212625
2016-12-20 00:00:00,10.81816230836156
2016-12-21 00:00:00,10.771833260045323
2016-12-22 00:00:00,10.70045168355505
2016-12-23 00:00:00,10.792811677629052
2016-12-27 00:00:00,11.120730382969157
2016-12-28 00:00:00,10.863204486272855
2016-12-29 00:00:00,10.864482106653412
2016-12-30 00:00:00,10.694159712921882
2017-01-03 00:00:00,10.713578957012436
2017-01-04 00:00:00,10.843908100003437
2017-01-05 00:00:00,10.890510373134855
2017-01-06 00:00:00,10.899696334931631
2017-01-09 00:00:00,10.968295767593046
2017-01-10 00:00:00,11.088369346140453
2017-01-11 00:00:00,11.19429273600886
2017-01-12 00:00:00,11.094352384997853
2017-01-13 00:00:00,11.103979668041557
2017-01-17 00:00:00,10.855459977781369
2017-01-18 00:00:00,10.934247811538041
2017-01-19 00:00:00,10.992468689658455
2017-01-20 00:00:00,10.96869512809339
2017-01-23 00:00:00,11.011012822865624
2017-01-24 00:00:00,11.349274355788909
2017-01-25 00:00:00,11.494785495284122
2017-01-26 00:00:00,11.509612113728691
2017-01-27 00:00:00,11.533843015969122
2017-01-30 00:00:00,11.38149864377415
2017-01-31 00:00:00,11.327789244614305
2017-02-01 00:00:00,11.797206021953569
2017-02-02 00:00:00,11.85484581273459
2017-02-03 00:00:00,11.820514080058164
2017-02-06 00:00:00,12.067351586829934
2017-02-07 00:00:00,11.979285351130248
2017-02-08 00:00:00,11.995071578848407
2017-02-09 00:00:00,11.997895634258818
2017-02-10 00:00:00,12.10675678612744
2017-02-13 00:00:00,12.092933040977288
2017-02-14 00:00:00,12.032158171547623
2017-02-15 00:00:00,11.932617221210078
2017-02-16 00:00:00,11.743833945642923
2017-02-17 00:00:00,11.801092964793263
2017-02-21 00:00:00,12.115727681113059
2017-02-22 00:00:00,12.068695175439272
2017-02-23 00:00:00,11.772278677488323
2017-02-24 00:00:00,11.744111515785013
2017-02-27 00:00:00,11.878015731986945
2017-02-28 00:00:00,11.701683246603137
2017-03-01 00:00:00,11.96235880229074
2017-03-02 00:00:00,11.659799910750701
2017-03-03 00:00:00,11.62141197782624
2017-03-06 00:00:00,11.55151474265212
2017-03-07 00:00:00,11.566986314554443
2017-03-08 00:00:00,11.535792948166984
2017-03-09 00:00:00,11.557379105890483
2017-03-10 00:00:00,11.711780801732422
2017-03-13 00:00:00,11.895294540389123
2017-03-14 00:00:00,11.784004387573415
2017-03-15 00:00:00,11.93953903980398
2017-03-16 00:00:00,11.92668104102415
2017-03-17 00:00:00,11.950589865407416
2017-03-20 00:00:00,12.175154518776333
2017-03-21 00:00:00,11.772015472583687
2017-03-22 00:00:00,11.917423029451045
2017-03-23 00:00:00,11.882779775934354
2017-03-24 00:00:00,11.951953155621734
2017-03-27 00:00:00,12.046602016822222
2017-03-28 00:00:00,12.147770289496307
2017-03-29 00:00:00,12.201234843421023
2017-03-30 00:00:00,12.236833745911607
2017-03-31 00:00:00,12.237435910735874
2017-04-03 00:00:00,12.294127728011507
2017-04-04 00:00:00,12.112589122118413
2017-04-05 00:00:00,12.034438862282077
2017-04-06 00:00:00,12.02897432526604
2017-04-07 00:00:00,12.035857561009117
2017-04-10 00:00:00,11.96389164811862
2017-04-11 00:00:00,11.929058426712931
2017-04-12 00:00:00,11.730512515129941
2017-04-13 00:00:00,11.598958185326605
2017-04-17 00:00:00,11.828239572073924
2017-04-18 00:00:00,11.767255528410436
2017-04-19 00:00:00,11.772282378202355
2017-04-20 00:00:00,12.037171017600613
2017-04-21 00:00:00,12.034552340915962
2017-04-24 00:00:00,12.14879879394219
2017-04-25 00:00:00,12.270957806485892
2017-04-26 00:00:00,12.205948931608148
2017-04-27 00:00:00,12.197832462445145
2017-04-28 00:00:00,12.162751322768422
2017-05-01 00:00:00,12.350737385801175
2017-05-02 00:00:00,11.964995565488117
2017-05-03 00:00:00,11.952035547355589
2017-05-04 00:00:00,11.895956035674851
2017-05-05 00:00:00,12.126895140287685
2017-05-08 00:00:00,12.078158986200489
2017-05-09 00:00:00,12.184894044336353
2017-05-10 00:00:00,12.647903346865311
2017-05-11 00:00:00,12.722259436483647
2017-05-12 00:00:00,12.789513157947171
2017-05-15 00:00:00,12.953851523628224
2017-05-16 00:00:00,13.261240455126103
2017-05-17 00:00:00,12.558062220594806
2017-05-18 00:00:00,12.732789168571806
2017-05-19 00:00:00,12.770747200885056
2017-05-22 00:00:00,12.812117829335397
2017-05-23 00:00:00,12.819480524684113
2017-05-24 00:00:00,12.924643948801432
2017-05-25 00:00:00,13.017282792853033
2017-05-26 00:00:00,13.081624784193961
2017-05-30 00:00:00,13.136418438307066
2017-05-31 00:00:00,13.175804242143949
2017-06-01 00:00:00,13.285582682330343
2017-06-02 00:00:00,13.518198419122534
2017-06-05 00:00:00,13.58876959270229
2017-06-06 00:00:00,13.695358932403106
2017-06-07 00:00:00,13.726850319364738
2017-06-08 00:00:00,13.961453270169741
2017-06-09 00:00:00,13.307016348934406
2017-06-12 00:00:00,13.15525041271282
2017-06-13 00:00:00,13.151504826388141
2017-06-14 00:00:00,13.023019667649484
2017-06-15 00:00:00,12.959585423283603
2017-06-16 00:00:00,12.991196349301326
2017-06-19 00:00:00,13.369105283694706
2017-06-20 00:00:00,13.26625077861575
2017-06-21 00:00:00,13.511683093625868
2017-06-22 00:00:00,13.539397110699653
2017-06-23 00:00:00,13.672389705987886
2017-06-26 00:00:00,13.541552176760614
2017-06-27 00:00:00,13.09661890100455
2017-06-28 00:00:00,13.332922488699612
2017-06-29 00:00:00,12.947751212196572
2017-06-30 00:00:00,12.9237207796701
2017-07-03 00:00:00,12.755644062743713
2017-07-05 00:00:00,12.974145372980104
2017-07-06 00:00:00,12.81235786535069
2017-07-07 00:00:00,13.072494087772196
2017-07-10 00:00:00,13.30685312404245
2017-07-11 00:00:00,13.4149016025867
2017-07-12 00:00:00,13.745103183964899
2017-07-13 00:00:00,13.609824586501684
2017-07-14 00:00:00,13.700891560926765
2017-07-17 00:00:00,13.590662234640568
2017-07-18 00:00:00,13.785582336303179
2017-07-19 00:00:00,13.782135788124348
2017-07-20 00:00:00,13.786386862440128
2017-07-21 00:00:00,13.715401615029325
2017-07-24 00:00:00,13.916847599626184
2017-07-25 00:00:00,13.81670555718856
2017-07-26 00:00:00,14.045410508912742
2017-07-27 00:00:00,13.73906165308927
2017-07-28 00:00:00,13.793003120819732
2017-07-31 00:00:00,13.667718552588122
2017-08-01 00:00:00,14.098645736715726
2017-08-02 00:00:00,13.874663777285912
2017-08-03 00:00:00,13.88786919115074
2017-08-04 00:00:00,13.965478150705497
2017-08-07 00:00:00,14.202037259897441
2017-08-08 00:00:00,14.109961283049207
2017-08-09 00:00:00,14.021555914343619
2017-08-10 00:00:00,13.441991555882149
2017-08-11 00:00:00,13.56770300697321
2017-08-14 00:00:00,13.876261852639571
2017-08-15 00:00:00,13.851369439566776
2017-08-16 00:00:00,13.93815879564929
2017-08-17 00:00:00,13.657389744457687
2017-08-18 00:00:00,13.769078139833093
2017-08-21 00:00:00,13.81138689630335
2017-08-22 00:00:00,14.096667123005954
2017-08-23 00:00:00,14.253095267831835
2017-08-24 00:00:00,14.368040125303645
2017-08-25 00:00:00,14.240534653383612
2017-08-28 00:00:00,14.265199672593809
2017-08-29 00:00:00,14.268331692818872
2017-08-30 00:00:00,14.530421123337971
2017-08-31 00:00:00,14.743241745186282
2017-09-01 00:00:00,14.78816588383131
2017-09-05 00:00:00,14.655271500549201
2017-09-06 00:00:00,14.641199134936546
2017-09-07 00:00:00,14.736438799360899
2017-09-08 00:00:00,14.694680664920204
2017-09-11 00:00:00,15.08508201217356
2017-09-12 00:00:00,15.208648559914934
2017-09-13 00:00:00,15.19610701607864
2017-09-14 00:00:00,15.231922145527847
2017-09-15 00:00:00,15.394747876700581
2017-09-18 00:00:00,15.637789395507628
2017-09-19 00:00:00,15.724380986742839
2017-09-20 00:00:00,15.641343563921637
2017-09-21 00:00:00,15.533814641298786
2017-09-22 00:00:00,15.538581804957362
2017-09-25 00:00:00,14.995832834431159
2017-09-26 00:00:00,14.92517460501883
2017-09-27 00:00:00,15.271042605968756
2017-09-28 00:00:00,15.262729473604736
2017-09-29 00:00:00,15.35536368063521
2017-10-02 00:00:00,15.411405037116335
2017-10-03 00:00:00,15.412547205905419
2017-10-04 00:00:00,15.08221178422901
2017-10-05 00:00:00,15.018900870246211
2017-10-06 00:00:00,15.042904102599639
2017-10-09 00:00:00,15.090864647134062
2017-10-10 00:00:00,15.011118527366158
2017-10-11 00:00:00,15.168780981872567
2017-10-12 00:00:00,15.095693452580383
2017-10-13 00:00:00,15.188365462836954
2017-10-16 00:00:00,15.326834728483538
2017-10-17 00:00:00,15.219267578500316
2017-10-18 00:00:00,15.34684016143048
2017-10-19 00:00:00,15.205398983862967
2017-10-20 00:00:00,15.376052610791398
2017-10-23 00:00:00,15.370490254590745
2017-10-24 00:00:00,15.65821092987349
2017-10-25 00:00:00,15.422246733524494
2017-10-26 00:00:00,15.506476135128564
2017-10-27 00:00:00,15.746628453849683
2017-10-30 00:00:00,15.904564815678677
2017-10-31 00:00:00,15.776244196780564
2017-11-01 00:00:00,15.699741101040921
2017-11-02 00:00:00,15.641183136097496
2017-11-03 00:00:00,15.79873991510593
2017-11-06 00:00:00,15.819631385809338
2017-11-07 00:00:00,15.826943835055065
2017-11-08 00:00:00,15.881834006361748
2017-11-09 00:00:00,15.588189316861408
2017-11-10 00:00:00,15.642707394078975
2017-11-13 00:00:00,15.597339791297435
2017-11-14 00:00:00,15.586681087160768
2017-11-15 00:00:00,15.465732008351258
2017-11-16 00:00:00,15.789741927860966
2017-11-17 00:00:00,15.766778695370043
2017-11-20 00:00:00,15.975351888033599
2017-11-21 00:00:00,16.23621629648739
2017-11-22 00:00:00,16.12965649946728
2017-11-24 00:00:00,16.244661186556343
2017-11-27 00:00:00,16.059668224420975
2017-11-28 00:00:00,15.988375193816422
2017-11-29 00:00:00,15.238769646075413
2017-11-30 00:00:00,15.217755113441793
2017-12-01 00:00:00,15.06988335111029
2017-12-04 00:00:00,14.445427083931804
2017-12-05 00:00:00,14.477121580161942
2017-12-06 00:00:00,14.554063935314376
2017-12-07 00:00:00,14.851190200952125
2017-12-08 00:00:00,14.930052542726678
2017-12-11 00:00:00,15.043213876649379
2017-12-12 00:00:00,14.858127421691666
2017-12-13 00:00:00,14.94235669571143
2017-12-14 00:00:00,14.91008776294139
2017-12-15 00:00:00,15.123029510385344
2017-12-18 00:00:00,15.397483845115886
2017-12-19 00:00:00,15.29218664207626
2017-12-20 00:00:00,15.302777728028627
2017-12-21 00:00:00,15.304614520669913
2017-12-22 00:00:00,15.249673493689038
2017-12-26 00:00:00,15.207733161701587
2017-12-27 00:00:00,15.256439764594298
2017-12-28 00:00:00,15.22140947561729
2017-12-29 00:00:00,15.044109091292592
2018-01-02 00:00:00,15.287720117447968
2018-01-03 00:00:00,15.595925727421916
2018-01-04 00:00:00,15.811607865381045
2018-01-05 00:00:00,16.02094576745403
2018-01-08 00:00:00,16.22061362406724
2018-01-09 00:00:00,16.15188886450547
2018-01-10 00:00:00,16.163493618010627
2018-01-11 00:00:00,16.405062932594653
2018-01-12 00:00:00,16.470826901867195
2018-01-16 00:00:00,16.29859923319208
2018-01-17 00:00:00,16.653030115645002
2018-01-18 00:00:00,16.705292584596492
2018-01-19 00:00:00,16.913132912044038
2018-01-22 00:00:00,17.115953308134614
2018-01-23 00:00:00,17.12277879990899
2018-01-24 00:00:00,17.026872500127013
2018-01-25 00:00:00,17.095958801117185
2018-01-26 00:00:00,17.456293686533463
2018-01-29 00:00:00,17.230699057874073
2018-01-30 00:00:00,16.96124722889365
2018-01-31 00:00:00,17.203560867238746
2018-02-01 00:00:00,16.956020099290324
2018-02-02 00:00:00,16.525585599123897
2018-02-05 00:00:00,15.831950983422248
2018-02-06 00:00:00,16.323454180896594
2018-02-07 00:00:00,16.329443082944653
2018-02-08 00:00:00,15.484702647000068
2018-02-09 00:00:00,15.781125630459924
2018-02-12 00:00:00,16.237328967202075
2018-02-13 00:00:00,16.309452871497566
2018-02-14 00:00:00,16.895525237316686
2018-02-15 00:00:00,17.158290105543195
2018-02-16 00:00:00,16.69054225199229
2018-02-20 00:00:00,16.80644747664813
2018-02-21 00:00:00,16.562882122865737
2018-02-22 00:00:00,16.61227308364061
2018-02-23 00:00:00,16.9131087942073
2018-02-26 00:00:00,17.179723736236724
2018-02-27 00:00:00,17.063305085936
2018-02-28 00:00:00,17.105092413944917
2018-03-01 00:00:00,16.83149543961252
2018-03-02 00:00:00,17.18152725155734
2018-03-05 00:00:00,17.385494540000145
2018-03-06 00:00:00,17.7236633550701
2018-03-07 00:00:00,17.76898651442357
2018-03-08 00:00:00,17.94485813532747
2018-03-09 00:00:00,18.268451686793433
2018-03-12 00:00:00,18.309921768602944
2018-03-13 00:00:00,18.142764663321596
2018-03-14 00:00:00,18.255869069933105
2018-03-15 00:00:00,18.181870822852492
2018-03-16 00:00:00,18.121484346269593
2018-03-19 00:00:00,17.760939275230278
2018-03-20 00:00:00,18.112325028412783
2018-03-21 00:00:00,18.094805511719205
2018-03-22 00:00:00,17.517642948842813
2018-03-23 00:00:00,16.98354230707765
2018-03-26 00:00:00,17.36244957967974
2018-03-27 00:00:00,16.635300449715103
2018-03-28 00:00:00,16.30583924864529
2018-03-29 00:00:00,16.668582486356087
2018-04-02 00:00:00,16.44794237096922
2018-04-03 00:00:00,16.610001857523773
2018-04-04 00:00:00,16.853601773261904
2018-04-05 00:00:00,17.047268254845125
2018-04-06 00:00:00,16.73454430907256
2018-04-09 00:00:00,16.63059834807204
2018-04-10 00:00:00,17.215155310638615
2018-04-11 00:00:00,17.217785660140347
2018-04-12 00:00:00,17.44023072287639
2018-04-13 00:00:00,17.17126725782426
2018-04-16 00:00:00,17.211389315939506
2018-04-17 00:00:00,17.824228244291177
2018-04-18 00:00:00,17.89101467629451
2018-04-19 00:00:00,17.7324737211832
2018-04-20 00:00:00,17.579302809225567
2018-04-23 00:00:00,17.442178662333436
2018-04-24 00:00:00,17.012513024281027
2018-04-25 00:00:00,17.056463810839777
2018-04-26 00:00:00,17.50739107227825
2018-04-27 00:00:00,17.472700219086978
2018-04-30 00:00:00,17.471935716892215
2018-05-01 00:00:00,17.46366175391724
2018-05-02 00:00:00,17.5722112461387
2018-05-03 00:00:00,17.661205199518008
2018-05-04 00:00:00,17.653601188834553
2018-05-07 00:00:00,17.74712180526504
2018-05-08 00:00:00,17.900508042484358
2018-05-09 00:00:00,18.056955848099324
2018-05-10 00:00:00,18.014504746158774
2018-05-11 00:00:00,18.11497249284292
2018-05-14 00:00:00,17.95429539568752
2018-05-15 00:00:00,17.881237902016103
2018-05-16 00:00:00,17.905855900959278
2018-05-17 00:00:00,17.93885522956134
2018-05-18 00:00:00,18.023229757052583
2018-05-21 00:00:00,18.14671038348247
2018-05-22 00:00:00,17.803478228279918
2018-05-23 00:00:00,18.00528656468887
2018-05-24 00:00:00,18.26985111960883
2018-05-25 00:00:00,18.29684753737621
2018-05-29 00:00:00,18.151984996123222
2018-05-30 00:00:00,18.414146659480387
2018-05-31 00:00:00,18.46240032157055
2018-06-01 00:00:00,18.85702477071815
2018-06-04 00:00:00,18.946842292218317
2018-06-05 00:00:00,19.14701367653569
2018-06-06 00:00:00,19.33795842741807
2018-06-07 00:00:00,19.035380789968734
2018-06-08 00:00:00,19.045057616262984
2018-06-11 00:00:00,18.94640250115312
2018-06-12 00:00:00,19.310100377587776
2018-06-13 00:00:00,19.310401415790466
2018-06-14 00:00:00,19.841154680185763
2018-06-15 00:00:00,19.89035275841923
2018-06-18 00:00:00,19.94895286192249
2018-06-19 00:00:00,19.73801907220675
2018-06-20 00:00:00,19.71436922966015
2018-06-21 00:00:00,19.412537445115458
2018-06-22 00:00:00,19.158722269136817
2018-06-25 00:00:00,18.629332612400205
2018-06-26 00:00:00,18.94966415222916
2018-06-27 00:00:00,18.524327482733714
2018-06-28 00:00:00,18.712172742663167
2018-06-29 00:00:00,18.728339657404636
2018-07-02 00:00:00,18.910788364816945
2018-07-03 00:00:00,18.87020849672832
2018-07-05 00:00:00,19.070329784294028
2018-07-06 00:00:00,19.37162495706167
2018-07-09 00:00:00,19.36132903171719
2018-07-10 00:00:00,19.344420721718166
2018-07-11 00:00:00,19.232994772410475
2018-07-12 00:00:00,19.615971330111634
2018-07-13 00:00:00,19.527356747771805
2018-07-16 00:00:00,19.558179965905534
2018-07-17 00:00:00,19.86877660245316
2018-07-18 00:00:00,19.813455077238626
2018-07-19 00:00:00,19.701676177990965
2018-07-20 00:00:00,19.687785309139304
2018-07-23 00:00:00,19.742645367167977
2018-07-24 00:00:00,19.41736018030407
2018-07-25 00:00:00,19.80360650872986
2018-07-26 00:00:00,19.631434586975775
2018-07-27 00:00:00,19.28048884222662
2018-07-30 00:00:00,18.81819522342885
2018-07-31 00:00:00,18.81490517977764
2018-08-01 00:00:00,18.98393493451326
2018-08-02 00:00:00,19.41309514500349
2018-08-03 00:00:00,19.191503748278
2018-08-06 00:00:00,19.430387889766557
2018-08-07 00:00:00,19.904604449259196
2018-08-08 00:00:00,19.892353045248537
2018-08-09 00:00:00,20.207489493589723
2018-08-10 00:00:00,20.570366815606658
2018-08-13 00:00:00,20.34202153713906
2018-08-14 00:00:00,20.549916186933725
2018-08-15 00:00:00,19.968961073594834
2018-08-16 00:00:00,19.974888550134743
2018-08-17 00:00:00,20.187385366191798
2018-08-20 00:00:00,20.402973376168795
2018-08-21 00:00:00,20.605379491033556
2018-08-22 00:00:00,20.959419054643895
2018-08-23 00:00:00,21.339552336963127
2018-08-24 00:00:00,21.600378385625685
2018-08-27 00:00:00,21.493881009111487
2018-08-28 00:00:00,21.542957743962692
2018-08-29 00:00:00,21.631533163526303
2018-08-30 00:00:00,21.612350318050396
2018-08-31 00:00:00,21.79132317679002
2018-09-04 00:00:00,22.494611968328766
2018-09-05 00:00:00,21.86375615061019
2018-09-06 00:00:00,21.577959046456538
2018-09-07 00:00:00,21.94930980002944
2018-09-10 00:00:00,22.107471358176646
2018-09-11 00:00:00,22.4016871335074
2018-09-12 00:00:00,22.475169270140224
2018-09-13 00:00:00,22.571250000851144
2018-09-14 00:00:00,22.977257131867614
2018-09-17 00:00:00,22.529826084086924
2018-09-18 00:00:00,22.474944597772517
2018-09-19 00:00:00,21.8085106136123
2018-09-20 00:00:00,21.849340762187932
2018-09-21 00:00:00,21.567975753596574
2018-09-24 00:00:00,21.693141882099084
2018-09-25 00:00:00,22.36972583062919
2018-09-26 00:00:00,22.14249685298685
2018-09-27 00:00:00,22.348353387961133
2018-09-28 00:00:00,22.20599060650921
2018-10-01 00:00:00,22.093738860362322
2018-10-02 00:00:00,21.150505318075748
2018-10-03 00:00:00,21.287049199778156
2018-10-04 00:00:00,20.490991993433347
2018-10-05 00:00:00,20.198151510431398
2018-10-08 00:00:00,19.66044032526702
2018-10-09 00:00:00,19.554152369888033
2018-10-10 00:00:00,18.15131566173303
2018-10-11 00:00:00,18.201071125679658
2018-10-12 00:00:00,19.070949488574445
2018-10-15 00:00:00,19.120450655785408
2018-10-16 00:00:00,19.83614190073041
2018-10-17 00:00:00,19.564090505689734
2018-10-18 00:00:00,19.15692339123798
2018-10-19 00:00:00,18.136904432802147
2018-10-22 00:00:00,18.63959599260807
2018-10-23 00:00:00,18.553832402863193
2018-10-24 00:00:00,17.39539856157427
2018-10-25 00:00:00,17.482573746561062
2018-10-26 00:00:00,16.83728814151321
2018-10-29 00:00:00,16.561401909036384
2018-10-30 00:00:00,17.15394117969782
2018-10-31 00:00:00,18.0276158827327
2018-11-01 00:00:00,18.77518433624102
2018-11-02 00:00:00,18.546843061274362
2018-11-05 00:00:00,18.325286411449067
2018-11-06 00:00:00,18.190041418322917
2018-11-07 00:00:00,19.82039695500978
2018-11-08 00:00:00,19.07883893168613
2018-11-09 00:00:00,18.577776892081115
2018-11-12 00:00:00,17.552422306700603
2018-11-13 00:00:00,17.582548107170034
2018-11-14 00:00:00,17.79585251655178
2018-11-15 00:00:00,18.434707242536305
2018-11-16 00:00:00,18.526366351639783
2018-11-19 00:00:00,17.09595308492046
2018-11-20 00:00:00,16.63300807030583
2018-11-21 00:00:00,17.066646125074215
2018-11-23 00:00:00,17.2759462844654
2018-11-26 00:00:00,18.10054672689727
2018-11-27 00:00:00,17.89862039403363
2018-11-28 00:00:00,18.607243538619745
2018-11-29 00:00:00,18.879375573652435
2018-11-30 00:00:00,19.095605795037066
2018-12-03 00:00:00,19.843005900864725
2018-12-04 00:00:00,18.985634648247576
2018-12-06 00:00:00,19.551469943936425
2018-12-07 00:00:00,18.547012316094428
2018-12-10 00:00:00,18.722847288728392
2018-12-11 00:00:00,18.884980362696655
2018-12-12 00:00:00,19.49643027448346
2018-12-13 00:00:00,19.279313560487367
2018-12-14 00:00:00,18.977715496604834
2018-12-17 00:00:00,17.963914433525705
2018-12-18 00:00:00,18.030689982010294
2018-12-19 00:00:00,17.77517886059105
2018-12-20 00:00:00,17.12524462755233
2018-12-21 00:00:00,16.18215754904918
2018-12-24 00:00:00,15.970587146076895
2018-12-26 00:00:00,17.245896752081066
2018-12-27 00:00:00,17.50926096729484
2018-12-28 00:00:00,17.44693994787272
2018-12-31 00:00:00,17.769603886794123
2019-01-02 00:00:00,17.521391939761312
2019-01-03 00:00:00,16.7389501673473
2019-01-04 00:00:00,17.788410929914814
2019-01-07 00:00:00,18.679056004565066
2019-01-08 00:00:00,19.15075666592328
2019-01-09 00:00:00,19.02652008591661
2019-01-10 00:00:00,18.5903124034766
2019-01-11 00:00:00,18.576637635061118
2019-01-14 00:00:00,18.56456794480815
2019-01-15 00:00:00,19.09549108121057
2019-01-16 00:00:00,18.885009584951387
2019-01-17 00:00:00,19.209240649336444
2019-01-18 00:00:00,19.689279148398285
2019-01-22 00:00:00,19.34160549510427
2019-01-23 00:00:00,19.555047176905244
2019-01-24 00:00:00,19.669174271346723
2019-01-25 00:00:00,20.033053979595223
2019-01-28 00:00:00,19.85849519090624
2019-01-29 00:00:00,19.53869127984796
2019-01-30 00:00:00,20.124873938912895
2019-01-31 00:00:00,20.86048187021296
2019-02-01 00:00:00,21.06578766512575
2019-02-04 00:00:00,21.311404994853415
2019-02-05 00:00:00,21.482593620332242
2019-02-06 00:00:00,21.198342706077224
2019-02-07 00:00:00,20.939221967937275
2019-02-08 00:00:00,21.47648188318925
2019-02-11 00:00:00,21.59145030359602
2019-02-12 00:00:00,21.921951829565916
2019-02-13 00:00:00,21.518417336531698
2019-02-14 00:00:00,21.6577144323295
2019-02-15 00:00:00,21.8765494523399
2019-02-19 00:00:00,22.114557704359193
2019-02-20 00:00:00,21.949718917970102
2019-02-21 00:00:00,21.837554791953156
2019-02-22 00:00:00,23.19240247161423
2019-02-25 00:00:00,23.392491863075957
2019-02-26 00:00:00,23.27083824065481
2019-02-27 00:00:00,23.56879832632958
2019-02-28 00:00:00,23.652293312390725
2019-03-01 00:00:00,23.908949171624975
2019-03-04 00:00:00,22.83859741843553
2019-03-05 00:00:00,23.100003889023736
2019-03-06 00:00:00,22.731006232530866
2019-03-07 00:00:00,22.736682946617123
2019-03-08 00:00:00,22.830100314367986
2019-03-11 00:00:00,23.687988190506797
2019-03-12 00:00:00,23.927923580759323
2019-03-13 00:00:00,23.84226691227445
2019-03-14 00:00:00,24.99149378724707
2019-03-15 00:00:00,24.978956548808668
2019-03-18 00:00:00,25.162304369471414
2019-03-19 00:00:00,25.210338602807397
2019-03-20 00:00:00,25.392830029312147
2019-03-21 00:00:00,26.267147202259324
2019-03-22 00:00:00,25.27569302120824
2019-03-25 00:00:00,25.37147458010638
2019-03-26 00:00:00,25.262290664672093
2019-03-27 00:00:00,24.571595489071253
2019-03-28 00:00:00,24.897966880406837
2019-03-29 00:00:00,25.387407677916613
2019-04-01 00:00:00,25.64871910422994
2019-04-02 00:00:00,25.722497986194377
2019-04-03 00:00:00,25.818356915460782
2019-04-04 00:00:00,24.781757971679834
2019-04-05 00:00:00,24.70526723512816
2019-04-08 00:00:00,24.642461166561585
2019-04-09 00:00:00,24.740575901091493
2019-04-10 00:00:00,25.368400634642477
2019-04-11 00:00:00,25.37403125601601
2019-04-12 00:00:00,25.26714163803795
2019-04-15 00:00:00,25.464007630540788
2019-04-16 00:00:00,25.175150752766623
2019-04-17 00:00:00,24.45230604173992
2019-04-18 00:00:00,24.20756641669999
2019-04-22 00:00:00,24.93226319032883
2019-04-23 00:00:00,25.437653342999006
2019-04-24 00:00:00,25.325132394649245
2019-04-25 00:00:00,25.677869390092955
2019-04-26 00:00:00,25.93195265131272
2019-04-29 00:00:00,26.255411693026137
2019-04-30 00:00:00,26.39094180318278
2019-05-01 00:00:00,25.733014608350498
2019-05-02 00:00:00,26.03152397575652
2019-05-03 00:00:00,26.528014704674188
2019-05-06 00:00:00,26.57788887126379
2019-05-07 00:00:00,25.89144218833215
2019-05-08 00:00:00,26.214047918811133
2019-05-09 00:00:00,25.797329636069755
2019-05-10 00:00:00,26.00388108068742
2019-05-13 00:00:00,24.60994650219593
2019-05-14 00:00:00,25.630641403992602
2019-05-15 00:00:00,26.56506595869823
2019-05-16 00:00:00,27.482682341248584
2019-05-17 00:00:00,27.218360238354585
2019-05-20 00:00:00,26.86217742870255
2019-05-21 00:00:00,27.06505475624951
2019-05-22 00:00:00,26.952438432382145
2019-05-23 00:00:00,26.34549034799926
2019-05-24 00:00:00,26.600505393422708
2019-05-28 00:00:00,26.860510346833443
2019-05-29 00:00:00,26.179176691494078
2019-05-30 00:00:00,26.389642833556966
2019-05-31 00:00:00,26.250814640406045
2019-06-03 00:00:00,25.313781861396812
2019-06-04 00:00:00,26.529446293347455
2019-06-05 00:00:00,27.762863965207618
2019-06-06 00:00:00,28.050834689345272
2019-06-07 00:00:00,29.272142405916018
2019-06-10 00:00:00,29.536077484231242
2019-06-11 00:00:00,29.02945914676497
2019-06-12 00:00:00,29.454506486471885
2019-06-13 00:00:00,29.64150843938026
2019-06-14 00:00:00,29.213702839292328
2019-06-17 00:00:00,29.276731705089812
2019-06-18 00:00:00,29.47326147931262
2019-06-19 00:00:00,30.356423226604626
2019-06-20 00:00:00,30.35694714857781
2019-06-21 00:00:00,29.784147897920576
2019-06-24 00:00:00,29.01266055929842
2019-06-25 00:00:00,27.87825345386846
2019-06-26 00:00:00,27.71682813112286
2019-06-27 00:00:00,28.33044362921253
2019-06-28 00:00:00,28.202232119331764
2019-07-01 00:00:00,28.31300096921106
2019-07-02 00:00:00,28.906974385829493
2019-07-03 00:00:00,29.18508775657476
2019-07-05 00:00:00,29.5837771756442
2019-07-08 00:00:00,30.06564524637666
2019-07-09 00:00:00,30.35179222981941
2019-07-10 00:00:00,30.318067033188875
2019-07-11 00:00:00,30.302156347985182
2019-07-12 00:00:00,30.019843806291252
2019-07-15 00:00:00,30.489117502852107
2019-07-16 00:00:00,30.332337802014344
2019-07-17 00:00:00,30.6472694148034
2019-07-18 00:00:00,30.81323532204571
2019-07-19 00:00:00,30.48128752279473
2019-07-22 00:00:00,30.814778168480267
2019-07-23 00:00:00,30.409758024933403
2019-07-24 00:00:00,30.865235576562483
2019-07-25 00:00:00,30.854512140947143
2019-07-26 00:00:00,31.624490940069997
2019-07-29 00:00:00,30.2746966896418
2019-07-30 00:00:00,30.02251733135641
2019-07-31 00:00:00,29.8879752390028
2019-08-01 00:00:00,30.216852965911695
2019-08-02 00:00:00,29.71651132437723
2019-08-05 00:00:00,28.5778083777049
2019-08-06 00:00:00,29.008873325188702
2019-08-07 00:00:00,29.57157805754481
2019-08-08 00:00:00,31.508521597088354
2019-08-09 00:00:00,31.69531050640055
2019-08-12 00:00:00,31.160770118275238
2019-08-13 00:00:00,31.641671497393112
2019-08-14 00:00:00,30.327793435171294
2019-08-15 00:00:00,30.146492327828405
2019-08-16 00:00:00,30.686741728804854
2019-08-19 00:00:00,30.343999702805295
2019-08-20 00:00:00,30.731734292540086
2019-08-21 00:00:00,31.73044235666288
2019-08-22 00:00:00,31.50342811541927
2019-08-23 00:00:00,30.84590860869318
2019-08-26 00:00:00,31.52832515084201
2019-08-27 00:00:00,31.78452506434687
2019-08-28 00:00:00,31.424942368022368
2019-08-29 00:00:00,31.653955833748633
2019-08-30 00:00:00,31.320895020300096
2019-09-03 00:00:00,31.338196742503847
2019-09-04 00:00:00,32.04286367435022
2019-09-05 00:00:00,31.959634014292952
2019-09-06 00:00:00,31.372786037993198
2019-09-09 00:00:00,29.77904582977088
2019-09-10 00:00:00,28.316912095718617
2019-09-11 00:00:00,28.760706381339332
2019-09-12 00:00:00,28.994076881891566
2019-09-13 00:00:00,28.2089408275508
2019-09-16 00:00:00,28.458605084064295
2019-09-17 00:00:00,28.582085733518344
2019-09-18 00:00:00,27.78957091602507
2019-09-19 00:00:00,27.91486153537727
2019-09-20 00:00:00,26.97695959864718
2019-09-23 00:00:00,26.853730775500473
2019-09-24 00:00:00,25.924482373640352
2019-09-25 00:00:00,26.535490242694813
2019-09-26 00:00:00,26.40842468548548
2019-09-27 00:00:00,25.53758080574888
2019-09-30 00:00:00,25.87036020397963
2019-10-01 00:00:00,25.76627496143839
2019-10-02 00:00:00,25.485165167205597
2019-10-03 00:00:00,26.035625474841893
2019-10-04 00:00:00,26.288789009149646
2019-10-07 00:00:00,26.13631258510547
2019-10-08 00:00:00,25.65752644817402
2019-10-09 00:00:00,26.047255087679115
2019-10-10 00:00:00,26.29262377790354
2019-10-11 00:00:00,26.428166297730538
2019-10-14 00:00:00,26.661507743140895
2019-10-15 00:00:00,26.843384386150877
2019-10-16 00:00:00,26.321121968761297
2019-10-17 00:00:00,26.647183248683316
2019-10-18 00:00:00,26.283401230656782
2019-10-21 00:00:00,26.557733396029
2019-10-22 00:00:00,26.025782628714534
2019-10-23 00:00:00,25.839511260699446
2019-10-24 00:00:00,26.956625677976398
2019-10-25 00:00:00,26.85338536847224
2019-10-28 00:00:00,27.176696396235066
2019-10-29 00:00:00,26.8392455993786
2019-10-30 00:00:00,27.16325797620488
2019-10-31 00:00:00,26.95690608618008
2019-11-01 00:00:00,27.20051084501141
2019-11-04 00:00:00,26.943093128088357
2019-11-05 00:00:00,26.734405366936937
2019-11-06 00:00:00,26.76265686527864
2019-11-07 00:00:00,25.87868484455654
2019-11-08 00:00:00,26.179236224739512
2019-11-11 00:00:00,26.44376179906912
2019-11-12 00:00:00,26.68712823571586
2019-11-13 00:00:00,27.20941248775486
2019-11-14 00:00:00,27.372887057656378
2019-11-15 00:00:00,27.98817071387694
2019-11-18 00:00:00,28.234298415918303
2019-11-19 00:00:00,27.91511873256636
2019-11-20 00:00:00,27.119503048970326
2019-11-21 00:00:00,26.76650430165847
2019-11-22 00:00:00,27.036175640587462
2019-11-25 00:00:00,27.529425731580048
2019-11-26 00:00:00,28.075624459630987
2019-11-27 00:00:00,28.0421117451538
2019-11-29 00:00:00,27.929323140796065
2019-12-02 00:00:00,26.72798625342503
2019-12-03 00:00:00,27.254715658381723
2019-12-04 00:00:00,27.766226914464344
2019-12-05 00:00:00,27.618334697033976
2019-12-06 00:00:00,27.636619578751414
2019-12-09 00:00:00,27.69848887520816
2019-12-10 00:00:00,27.749041099628602
2019-12-11 00:00:00,27.859020317194684
2019-12-12 00:00:00,27.834947174117477
2019-12-13 00:00:00,27.782627319979976
2019-12-16 00:00:00,28.24358969005444
2019-12-17 00:00:00,28.17051865133459
2019-12-18 00:00:00,28.17998811264404
2019-12-19 00:00:00,28.383397046872663
2019-12-20 00:00:00,28.45309643042411
2019-12-23 00:00:00,28.67801802319655
2019-12-24 00:00:00,29.050382645833118
2019-12-26 00:00:00,29.257938600052398
2019-12-27 00:00:00,29.074634462431142
2019-12-30 00:00:00,28.425737300394445
2019-12-31 00:00:00,28.561921354026776
2020-01-02 00:00:00,29.33367184506
2020-01-03 00:00:00,29.117154084429494
2020-01-06 00:00:00,29.34815883634546
2020-01-07 00:00:00,29.343908662426813
2020-01-08 00:00:00,29.350011464213758
2020-01-09 00:00:00,29.581921939753816
2020-01-10 00:00:00,29.20071848779454
2020-01-13 00:00:00,29.820280237301077
2020-01-14 00:00:00,29.725344734599815
2020-01-15 00:00:00,29.690616581220116
2020-01-16 00:00:00,29.923182563680328
2020-01-17 00:00:00,29.98015656575468
2020-01-21 00:00:00,30.316706129681744
2020-01-22 00:00:00,30.28327349458676
2020-01-23 00:00:00,30.487248381728087
2020-01-24 00:00:00,30.065012107615335
2020-01-27 00:00:00,29.2518874917167
2020-01-28 00:00:00,29.948619920445537
2020-01-29 00:00:00,29.85922157457788
2020-01-30 00:00:00,30.072670603298448
2020-01-31 00:00:00,29.01160682066889
2020-02-03 00:00:00,30.266956955579815
2020-02-04 00:00:00,31.66594924949733
2020-02-05 00:00:00,30.555943972133118
2020-02-06 00:00:00,30.448262211682376
2020-02-07 00:00:00,30.36904436722441
2020-02-10 00:00:00,31.237859528357095
2020-02-11 00:00:00,31.4672540926125
2020-02-12 00:00:00,32.131696473747745
2020-02-13 00:00:00,32.512522172847426
2020-02-14 00:00:00,32.42880131227487
2020-02-18 00:00:00,32.75470795394751
2020-02-19 00:00:00,33.49408792533133
2020-02-20 00:00:00,32.89768385743024
2020-02-21 00:00:00,32.106691407068006
2020-02-24 00:00:00,30.617897136558366
2020-02-25 00:00:00,29.712252306286647
2020-02-26 00:00:00,29.63285283003912
2020-02-27 00:00:00,27.808858208505065
2020-02-28 00:00:00,28.30333087708697
2020-03-02 00:00:00,29.699678577005248
2020-03-03 00:00:00,29.196029827524633
2020-03-04 00:00:00,30.613444838861927
2020-03-05 00:00:00,29.76526926132006
2020-03-06 00:00:00,28.865530987936342
2020-03-09 00:00:00,26.07225995918107
2020-03-10 00:00:00,27.557876304124537
2020-03-11 00:00:00,26.408999254776067
2020-03-12 00:00:00,23.528832924373816
2020-03-13 00:00:00,25.22086151257909
2020-03-16 00:00:00,21.391021629404218
2020-03-17 00:00:00,22.531652296590885
2020-03-18 00:00:00,20.83957125632115
2020-03-19 00:00:00,21.69650388207725
2020-03-20 00:00:00,21.68631670841723
2020-03-23 00:00:00,22.469477132837728
2020-03-24 00:00:00,25.391140692474853
2020-03-25 00:00:00,25.673272328098296
2020-03-26 00:00:00,26.64516524531746
2020-03-27 00:00:00,25.554625579286665
2020-03-30 00:00:00,26.28850428993148
2020-03-31 00:00:00,26.11224521295964
2020-04-01 00:00:00,24.876057746169426
2020-04-02 00:00:00,24.19631084313084
2020-04-03 00:00:00,24.16055232275122
2020-04-06 00:00:00,26.22399330413258
2020-04-07 00:00:00,25.98362399792402
2020-04-08 00:00:00,26.791617050890455
2020-04-09 00:00:00,27.158385913494843
2020-04-13 00:00:00,28.54786644696044
2020-04-14 00:00:00,30.34243610609351
2020-04-15 00:00:00,30.508845367674024
2020-04-16 00:00:00,31.56716746876827
2020-04-17 00:00:00,32.4821579935919
2020-04-20 00:00:00,32.99388678372938
2020-04-21 00:00:00,31.37745531749406
2020-04-22 00:00:00,32.72045097598815
2020-04-23 00:00:00,32.36577618038655
2020-04-24 00:00:00,33.04157568809269
2020-04-27 00:00:00,33.58379920253241
2020-04-28 00:00:00,32.91082701573262
2020-04-29 00:00:00,33.20645455902481
2020-04-30 00:00:00,32.733584866051714
2020-05-01 00:00:00,31.744174004712683
2020-05-04 00:00:00,33.36592695416565
2020-05-05 00:00:00,34.34328203148284
2020-05-06 00:00:00,35.16670352809546
2020-05-07 00:00:00,35.38484053419502
2020-05-08 00:00:00,35.653300886752795
2020-05-11 00:00:00,36.50039407630455
2020-05-12 00:00:00,36.21130295827964
2020-05-13 00:00:00,36.351252955512386
2020-05-14 00:00:00,36.86521512295071
2020-05-15 00:00:00,37.40108614810469
2020-05-18 00:00:00,37.149621535957166
2020-05-19 00:00:00,37.452414330083535
2020-05-20 00:00:00,37.952698199327585
2020-05-21 00:00:00,38.11625369287541
2020-05-22 00:00:00,38.64840359771958
2020-05-26 00:00:00,37.119943024494184
2020-05-27 00:00:00,36.527084236397144
2020-05-28 00:00:00,36.511065657074454
2020-05-29 00:00:00,37.76988628948232
2020-06-01 00:00:00,38.52151469302701
2020-06-02 00:00:00,38.77796803606486
2020-06-03 00:00:00,38.48871335778798
2020-06-04 00:00:00,37.517578094792874
2020-06-05 00:00:00,37.780384894331
2020-06-08 00:00:00,38.288479001183866
2020-06-09 00:00:00,38.49611308254102
2020-06-10 00:00:00,39.83124020377939
2020-06-11 00:00:00,38.47373663055211
2020-06-12 00:00:00,38.6149788578165
2020-06-15 00:00:00,40.74015081410001
2020-06-16 00:00:00,40.73886673049146
2020-06-17 00:00:00,41.438277553827504
2020-06-18 00:00:00,42.061208043871645
2020-06-19 00:00:00,42.74051070205787
2020-06-22 00:00:00,43.015224014744135
2020-06-23 00:00:00,43.24311612005007
2020-06-24 00:00:00,42.541232864260586
2020-06-25 00:00:00,43.416076077374214
2020-06-26 00:00:00,43.06693932088024
2020-06-29 00:00:00,43.504158573664455
2020-06-30 00:00:00,44.63130579756161
2020-07-01 00:00:00,45.80857636127025
2020-07-02 00:00:00,47.35624275757904
2020-07-06 00:00:00,47.75855507979181
2020-07-07 00:00:00,48.67234596180177
2020-07-08 00:00:00,49.49131470202299
2020-07-09 00:00:00,50.26842732821256
2020-07-10 00:00:00,50.42756818762336
2020-07-13 00:00:00,48.28957413773448
2020-07-14 00:00:00,48.94448703583685
2020-07-15 00:00:00,48.59325909570452
2020-07-16 00:00:00,47.61968425582826
2020-07-17 00:00:00,48.02407144960055
2020-07-20 00:00:00,50.713247234249465
2020-07-21 00:00:00,49.29191132159473
2020-07-22 00:00:00,49.504598598765774
2020-07-23 00:00:00,48.12130101973208
2020-07-24 00:00:00,47.66491355450873
2020-07-27 00:00:00,49.802516206128765
2020-07-28 00:00:00,49.32678414447233
2020-07-29 00:00:00,50.95560161936869
2020-07-30 00:00:00,51.038476599538654
2020-07-31 00:00:00,51.30074294884483
2020-08-03 00:00:00,53.09479906755557
2020-08-04 00:00:00,53.34050463654373
2020-08-05 00:00:00,53.830839868235486
2020-08-06 00:00:00,52.89900646118611
2020-08-07 00:00:00,51.30569515765493
2020-08-10 00:00:00,50.157863646197036
2020-08-11 00:00:00,48.65060644501765
2020-08-12 00:00:00,50.41922853627856
2020-08-13 00:00:00,51.13485754427302
2020-08-14 00:00:00,50.87623336053288
2020-08-17 00:00:00,52.96503386781057
2020-08-18 00:00:00,53.76816368987336
2020-08-19 00:00:00,53.887257904345816
2020-08-20 00:00:00,55.2096803168865
2020-08-21 00:00:00,54.07974325259171
2020-08-24 00:00:00,53.46063548086662
2020-08-25 00:00:00,54.54918096706141
2020-08-26 00:00:00,56.34357974989697
2020-08-27 00:00:00,56.067344244003515
2020-08-28 00:00:00,56.14020204489808
2020-08-31 00:00:00,57.87609591713613
2020-09-01 00:00:00,60.548763967911974
2020-09-02 00:00:00,59.45345298292036
2020-09-03 00:00:00,55.57744774059613
2020-09-04 00:00:00,54.17288234466671
2020-09-08 00:00:00,50.80986402389095
2020-09-09 00:00:00,52.97138596742038
2020-09-10 00:00:00,52.26002336126295
2020-09-11 00:00:00,52.4756343357423
2020-09-14 00:00:00,54.350026442102866
2020-09-15 00:00:00,54.62405071155362
2020-09-16 00:00:00,53.685346383188474
2020-09-17 00:00:00,52.7421495829989
2020-09-18 00:00:00,53.64205693623136
2020-09-21 00:00:00,54.82667028776769
2020-09-22 00:00:00,54.83863501914102
2020-09-23 00:00:00,52.74837875012301
2020-09-24 00:00:00,52.58155811036349
2020-09-25 00:00:00,54.1775974251923
2020-09-28 00:00:00,55.05267529919138
2020-09-29 00:00:00,55.37745625937514
2020-09-30 00:00:00,55.786298231641695
2020-10-01 00:00:00,57.49321755890738
2020-10-02 00:00:00,56.537489129360836
2020-10-05 00:00:00,58.11219370781222
2020-10-06 00:00:00,57.60596894700261
2020-10-07 00:00:00,58.9539123044387
2020-10-08 00:00:00,58.80035123366425
2020-10-09 00:00:00,60.39873637155843
2020-10-12 00:00:00,61.68571525455505
2020-10-13 00:00:00,62.86121663860098
2020-10-14 00:00:00,62.405748870529756
2020-10-15 00:00:00,61.70404790753271
2020-10-16 00:00:00,61.140598994077386
2020-10-19 00:00:00,60.779818718118406
2020-10-20 00:00:00,59.853747256791614
2020-10-21 00:00:00,58.39870745693439
2020-10-22 00:00:00,57.868083742386766
2020-10-23 00:00:00,58.63164185044514
2020-10-26 00:00:00,58.0635809688418
2020-10-27 00:00:00,58.900386339280594
2020-10-28 00:00:00,57.076817623620826
2020-10-29 00:00:00,56.775526742311634
2020-10-30 00:00:00,54.04073625788187
2020-11-02 00:00:00,54.008605041012686
2020-11-03 00:00:00,55.73202550755904
2020-11-04 00:00:00,58.89652599510004
2020-11-05 00:00:00,60.68899266132878
2020-11-06 00:00:00,61.85185399462338
2020-11-09 00:00:00,56.61945519637534
2020-11-10 00:00:00,55.44717479399417
2020-11-11 00:00:00,57.84984717462596
2020-11-12 00:00:00,58.160767636595416
2020-11-13 00:00:00,57.59354149020345
2020-11-16 00:00:00,57.721622279073664
2020-11-17 00:00:00,59.16667719184325
2020-11-18 00:00:00,59.8754794008515
2020-11-19 00:00:00,61.59701200236628
2020-11-20 00:00:00,62.57945261579436
2020-11-23 00:00:00,63.20006351659079
2020-11-24 00:00:00,63.39614665556926
2020-11-25 00:00:00,65.37284514159917
2020-11-27 00:00:00,67.03795030197317
2020-11-30 00:00:00,67.8492787129989
2020-12-01 00:00:00,66.74336106515085
2020-12-02 00:00:00,66.45945689623288
2020-12-03 00:00:00,68.16409535364751
2020-12-04 00:00:00,68.99724658201173
2020-12-07 00:00:00,70.57053953272528
2020-12-08 00:00:00,71.89264648804328
2020-12-09 00:00:00,68.77173471049919
2020-12-10 00:00:00,71.43576060357687
2020-12-11 00:00:00,71.01702489021488
2020-12-14 00:00:00,71.15018557816553
2020-12-15 00:00:00,71.66901478172198
2020-12-16 00:00:00,72.68758231173419
2020-12-17 00:00:00,74.38524756522317
2020-12-18 00:00:00,75.46894123977812
2020-12-21 00:00:00,75.16135211280188
2020-12-22 00:00:00,75.45843724821896
2020-12-23 00:00:00,73.90813646760765
2020-12-24 00:00:00,75.08592813018572
2020-12-28 00:00:00,71.33844494366396
2020-12-29 00:00:00,71.84544716897585
2020-12-30 00:00:00,73.3430513568196
2020-12-31 00:00:00,72.60838277286247
2021-01-04 00:00:00,71.63001607705566
2021-01-05 00:00:00,73.44273512999317
2021-01-06 00:00:00,71.96749838403058
2021-01-07 00:00:00,75.61246304267148
2021-01-08 00:00:00,77.67753120349403
2021-01-11 00:00:00,76.36766775156791
2021-01-12 00:00:00,78.65868750871883
2021-01-13 00:00:00,78.63390276108403
2021-01-14 00:00:00,78.54999625231694
2021-01-15 00:00:00,77.2781347898833
2021-01-19 00:00:00,78.94272800796365
2021-01-20 00:00:00,80.08039962314444
2021-01-21 00:00:00,79.78216570176578
2021-01-22 00:00:00,80.1622468676718
2021-01-25 00:00:00,79.9725663882994
2021-01-26 00:00:00,77.96402876359674
2021-01-27 00:00:00,75.04387745943605
2021-01-28 00:00:00,77.00787755666782
2021-01-29 00:00:00,75.4049199567514
2021-02-01 00:00:00,79.19920887041084
2021-02-02 00:00:00,81.31221716818597
2021-02-03 00:00:00,81.83114383060888
2021-02-04 00:00:00,83.37096928876727
2021-02-05 00:00:00,84.28743854334422
2021-02-08 00:00:00,85.131024750202
2021-02-09 00:00:00,86.4347737190071
2021-02-10 00:00:00,85.29897923776034
2021-02-11 00:00:00,85.64647300832888
2021-02-12 00:00:00,85.9190269364539
2021-02-16 00:00:00,85.45688031554282
2021-02-17 00:00:00,84.76499080499514
2021-02-18 00:00:00,83.73789577365875
2021-02-19 00:00:00,84.72146171908548
2021-02-22 00:00:00,80.37614500509329
2021-02-23 00:00:00,78.52892798992265
2021-02-24 00:00:00,78.31246621699603
2021-02-25 00:00:00,74.13373156749945
2021-02-26 00:00:00,76.22734499590541
2021-03-01 00:00:00,80.49800812275612
2021-03-02 00:00:00,77.69505723253654
2021-03-03 00:00:00,73.1200207943129
2021-03-04 00:00:00,69.56057390658641
2021-03-05 00:00:00,68.54663483587478
2021-03-08 00:00:00,65.17533623430144
2021-03-09 00:00:00,71.87254172184763
2021-03-10 00:00:00,71.56606299304833
2021-03-11 00:00:00,76.20030337484823
2021-03-12 00:00:00,75.31541805102152
2021-03-15 00:00:00,75.56144934050937
2021-03-16 00:00:00,74.46909056138092
2021-03-17 00:00:00,75.35203777208012
2021-03-18 00:00:00,71.54633699390709
2021-03-19 00:00:00,72.60948938926295
2021-03-22 00:00:00,73.266841445987
2021-03-23 00:00:00,72.00103012405049
2021-03-24 00:00:00,67.49502174018085
2021-03-25 00:00:00,67.49257198101112
2021-03-26 00:00:00,67.66393117423188
2021-03-29 00:00:00,66.2804906956082
2021-03-30 00:00:00,67.48145913928676
2021-03-31 00:00:00,69.5700208910019
2021-04-01 00:00:00,69.72301495724615
2021-04-05 00:00:00,67.9962307877014
2021-04-06 00:00:00,68.33823835932589
2021-04-07 00:00:00,67.16775140268466
2021-04-08 00:00:00,67.53443487733382
2021-04-09 00:00:00,66.63121262823438
2021-04-12 00:00:00,66.09859514211115
2021-04-13 00:00:00,67.97963197240023
2021-04-14 00:00:00,70.63936435352109
2021-04-15 00:00:00,70.39455245926844
2021-04-16 00:00:00,69.42081261729928
2021-04-19 00:00:00,68.24858953698639
2021-04-20 00:00:00,66.73216878040185
2021-04-21 00:00:00,68.12696181428994
2021-04-22 00:00:00,67.58075912619715
2021-04-23 00:00:00,69.38122675214873
2021-04-26 00:00:00,64.5130614618543
2021-04-27 00:00:00,64.18001011293892
2021-04-28 00:00:00,64.18952361094081
2021-04-29 00:00:00,63.51943308658777
2021-04-30 00:00:00,62.78055410883025
2021-05-03 00:00:00,63.24266181559393
2021-05-04 00:00:00,62.08043023648635
2021-05-05 00:00:00,63.19825002786095
2021-05-06 00:00:00,62.78484031792414
2021-05-07 00:00:00,63.31729206278533
2021-05-10 00:00:00,62.922571807235876
2021-05-11 00:00:00,61.833971964507654
2021-05-12 00:00:00,61.15373676828567
2021-05-13 00:00:00,57.97767012452741
2021-05-14 00:00:00,135.50309504049784
2021-05-17 00:00:00,135.33309724265922
2021-05-18 00:00:00,135.8867076957683
2021-05-19 00:00:00,134.6115483628886
2021-05-20 00:00:00,137.2125749524326
2021-05-21 00:00:00,138.57106411585212
2021-05-24 00:00:00,114.01722762559938
2021-05-25 00:00:00,468.66284553908656
2021-05-26 00:00:00,470.42664100285475
2021-05-27 00:00:00,471.64327017158047
2021-05-28 00:00:00,476.07361547884597
2021-05-31 00:00:00,474.5993079617028
2021-06-01 00:00:00,475.837413376457
2021-06-02 00:00:00,475.6913290767047
2021-06-03 00:00:00,472.3972396858845
2021-06-04 00:00:00,475.23381219408344
2021-06-07 00:00:00,476.6902885853939
2021-06-08 00:00:00,479.9438328806448
2021-06-09 00:00:00,482.7956269097208
2021-06-10 00:00:00,480.8779342487986
2021-06-11 00:00:00,484.437783823667
2021-06-14 00:00:00,485.770976976351
2021-06-15 00:00:00,486.8917071021401
2021-06-16 00:00:00,488.5257602224259
2021-06-17 00:00:00,491.29625430660616
2021-06-18 00:00:00,489.5259825634657
2021-06-21 00:00:00,491.6606090571385
2021-06-22 00:00:00,492.8699702630887
2021-06-23 00:00:00,484.2923748238848
2021-06-24 00:00:00,492.93233275176607
2021-06-25 00:00:00,492.55822184140186
2021-06-28 00:00:00,492.06807252776997
2021-06-29 00:00:00,494.8246374494981
2021-06-30 00:00:00,489.6833590082619
2021-07-01 00:00:00,475.79850050764765
2021-07-02 00:00:00,656.4641657417817
2021-07-05 00:00:00,656.116995863585
2021-07-06 00:00:00,655.1656839887702
2021-07-07 00:00:00,661.7182549249122
2021-07-08 00:00:00,645.4708323806569
2021-07-09 00:00:00,659.9196787904145
2021-07-12 00:00:00,665.5418774453606
2021-07-13 00:00:00,668.9912363112707
2021-07-14 00:00:00,670.5246529316779
2021-07-15 00:00:00,666.0583929401581
2021-07-16 00:00:00,662.8816498820358
2021-07-19 00:00:00,650.2520308036844
2021-07-20 00:00:00,654.12665258689
2021-07-21 00:00:00,664.2293132301756
2021-07-22 00:00:00,668.7491458147887
2021-07-23 00:00:00,680.5336064229084
2021-07-26 00:00:00,677.6307165666043
2021-07-27 00:00:00,672.5008723905098
2021-07-28 00:00:00,684.3469510374625
2021-07-29 00:00:00,685.3205238563578
2021-07-30 00:00:00,681.3765689418394
2021-08-02 00:00:00,667.5356555765834
2021-08-03 00:00:00,931.137481024392
2021-08-04 00:00:00,934.101860920208
2021-08-05 00:00:00,938.5623836559562
2021-08-06 00:00:00,939.2696842895247
2021-08-09 00:00:00,940.5267003785627
2021-08-10 00:00:00,942.8423122075086
2021-08-11 00:00:00,944.63389416469
2021-08-12 00:00:00,950.1882487211998
2021-08-13 00:00:00,951.6850968536123
2021-08-16 00:00:00,939.2188336947573
2021-08-17 00:00:00,939.1399625675991
2021-08-18 00:00:00,920.5485016472516
2021-08-19 00:00:00,897.9637945701525
2021-08-20 00:00:00,907.9240365101947
2021-08-23 00:00:00,924.8701128828867
2021-08-24 00:00:00,922.9286724644368
2021-08-25 00:00:00,920.9957156889941
2021-08-26 00:00:00,915.4886163881179
2021-08-27 00:00:00,919.8448229861953
2021-08-30 00:00:00,923.4831314883534
2021-08-31 00:00:00,923.0287674905628
2021-09-01 00:00:00,931.4685556738877
2021-09-02 00:00:00,933.8574661850988
2021-09-03 00:00:00,923.7058097053184
2021-09-06 00:00:00,935.29426421971
2021-09-07 00:00:00,935.4093912046158
2021-09-08 00:00:00,928.1565894998182
2021-09-09 00:00:00,933.1076704670157
2021-09-10 00:00:00,934.673081275338
2021-09-13 00:00:00,925.4531719825335
2021-09-14 00:00:00,919.7905046160292
2021-09-15 00:00:00,905.9080832293757
2021-09-16 00:00:00,907.580218807032
2021-09-17 00:00:00,909.8682942611821
2021-09-20 00:00:00,892.0376120209638
2021-09-21 00:00:00,903.6296491424828
2021-09-22 00:00:00,912.3836189691433
2021-09-23 00:00:00,924.678062569624
2021-09-24 00:00:00,908.0657595006517
2021-09-27 00:00:00,897.198868651685
2021-09-28 00:00:00,870.9344223703526
2021-09-29 00:00:00,876.9777345100472
2021-09-30 00:00:00,866.5331373341635
2021-10-01 00:00:00,873.3993403202052
2021-10-04 00:00:00,864.3907540098796
2021-10-05 00:00:00,875.3720287315069
2021-10-06 00:00:00,869.1097387776324
2021-10-07 00:00:00,887.4713332447616
2021-10-08 00:00:00,875.1009793742714
2021-10-11 00:00:00,852.7673426567428
2021-10-12 00:00:00,1172.4680125184882
2021-10-13 00:00:00,1195.1605612313247
2021-10-14 00:00:00,1220.9547454656388
2021-10-15 00:00:00,1227.6562914483327
2021-10-18 00:00:00,1214.0679540144724
2021-10-19 00:00:00,1218.1355396403064
2021-10-20 00:00:00,1225.9578277867497
2021-10-21 00:00:00,1229.6489539689435
2021-10-22 00:00:00,1240.5686554841475
2021-10-25 00:00:00,1236.0934433127738
2021-10-26 00:00:00,1247.2178016179737
2021-10-27 00:00:00,1240.1909514125352
2021-10-28 00:00:00,1246.2403659625772
2021-10-29 00:00:00,1246.818174425393
2021-11-01 00:00:00,1253.106630000055
2021-11-02 00:00:00,1258.912311878922
2021-11-03 00:00:00,1267.9040365095113
2021-11-04 00:00:00,1284.2303809037448
2021-11-05 00:00:00,1296.29054106931
2021-11-08 00:00:00,1297.4908921959689
2021-11-09 00:00:00,1291.385910800555
2021-11-10 00:00:00,1280.3524205950391
2021-11-11 00:00:00,1282.3675512526613
2021-11-12 00:00:00,1302.191347944887
2021-11-15 00:00:00,1306.988753062606
2021-11-16 00:00:00,1324.1281847462303
2021-11-17 00:00:00,1326.9914423787209
2021-11-18 00:00:00,1326.2649529184478
2021-11-19 00:00:00,1342.822279282867
2021-11-22 00:00:00,1317.063229114493
2021-11-23 00:00:00,1301.6549570776579
2021-11-24 00:00:00,1304.9653819647765
2021-11-25 00:00:00,1320.5314908697812
2021-11-26 00:00:00,1270.2066494496223
2021-11-29 00:00:00,1284.3196720733276
2021-11-30 00:00:00,1276.9564555936336
2021-12-01 00:00:00,1296.9454762188216
2021-12-02 00:00:00,1274.8220630850203
2021-12-03 00:00:00,1266.0795340683997
2021-12-06 00:00:00,1276.4436293836889
2021-12-07 00:00:00,1324.905762607111
2021-12-08 00:00:00,1315.3844576303568
2021-12-09 00:00:00,1311.564403573842
2021-12-10 00:00:00,1304.691337668799
2021-12-13 00:00:00,1300.7995256135337
2021-12-14 00:00:00,1280.299758067764
2021-12-15 00:00:00,1295.8520485834392
2021-12-16 00:00:00,1301.857166418457
2021-12-17 00:00:00,1269.611189937057
2021-12-20 00:00:00,1258.2177889956006
2021-12-21 00:00:00,1269.506209533057
2021-12-22 00:00:00,1284.9683792795051
2021-12-23 00:00:00,1289.5781128293374
2021-12-24 00:00:00,1290.3214447791709
2021-12-27 00:00:00,1263.527089521398
2021-12-28 00:00:00,1269.8315540864603
2021-12-29 00:00:00,1754.4663049177925
2021-12-30 00:00:00,1760.1722766794799
2021-12-31 00:00:00,1482.5092968767917
2022-01-03 00:00:00,5886.982546885821
2022-01-04 00:00:00,7990.964404550477
2022-01-05 00:00:00,8065.5264903419
2022-01-06 00:00:00,7834.567616666725
2022-01-07 00:00:00,7745.5309984542855
2022-01-10 00:00:00,7497.45291078635
2022-01-11 00:00:00,7581.592744681914
2022-01-12 00:00:00,7607.933162909487
2022-01-13 00:00:00,7391.335792463802
2022-01-14 00:00:00,7204.6116022692295
2022-01-17 00:00:00,7301.221604036884
2022-01-18 00:00:00,7203.17679228645
2022-01-19 00:00:00,7340.455215035351
2022-01-20 00:00:00,7388.920161585733
2022-01-21 00:00:00,7266.78454712899
2022-01-24 00:00:00,6980.672903751606
2022-01-25 00:00:00,6975.269807103282
2022-01-26 00:00:00,7089.579878084291
2022-01-27 00:00:00,7095.71005370209
2022-01-28 00:00:00,7112.688625600239
2022-01-31 00:00:00,7231.260708298762
2022-02-01 00:00:00,7329.862999509206
2022-02-02 00:00:00,7304.105490954185
2022-02-03 00:00:00,7061.928711091432
2022-02-04 00:00:00,7037.454321242215
2022-02-07 00:00:00,7059.039057995076
2022-02-08 00:00:00,7029.348894465404
2022-02-09 00:00:00,7229.618779693088
2022-02-10 00:00:00,7114.021025666656
2022-02-11 00:00:00,7006.736646880034
2022-02-14 00:00:00,6918.543981126023
2022-02-15 00:00:00,7133.69844270747
2022-02-16 00:00:00,7132.332162470167
2022-02-17 00:00:00,7095.674174438536
2022-02-18 00:00:00,6996.701731037719
2022-02-21 00:00:00,6885.93412430351
2022-02-22 00:00:00,6901.075998078163
2022-02-23 00:00:00,6858.694643170688
2022-02-24 00:00:00,6724.508165091609
2022-02-25 00:00:00,6927.688188246081
2022-02-28 00:00:00,6936.9950442174195
2022-03-01 00:00:00,6684.510165364175
2022-03-02 00:00:00,6759.203507036113
2022-03-03 00:00:00,6596.741478525471
2022-03-04 00:00:00,6282.778524040273
2022-03-07 00:00:00,6133.900871331702
2022-03-08 00:00:00,5990.048420889932
2022-03-09 00:00:00,6502.474879080447
2022-03-10 00:00:00,6266.077209203503
2022-03-11 00:00:00,6319.330764506718
2022-03-14 00:00:00,6428.362771312862
2022-03-15 00:00:00,6424.55792514485
2022-03-16 00:00:00,6745.9371786946795
2022-03-17 00:00:00,6795.653899358996
2022-03-18 00:00:00,6878.905995107541
2022-03-21 00:00:00,6822.273553681268
2022-03-22 00:00:00,6906.6519403615985
2022-03-23 00:00:00,6772.1607617682985
2022-03-24 00:00:00,6778.532353035512
2022-03-25 00:00:00,6819.031526407693
2022-03-28 00:00:00,6833.71139312395
2022-03-29 00:00:00,7134.207950271509
2022-03-30 00:00:00,7045.330956034271
2022-03-31 00:00:00,6918.491352772437
2022-04-01 00:00:00,6915.716071999784
2022-04-04 00:00:00,7035.4552252269405
2022-04-05 00:00:00,7037.405638209939
2022-04-06 00:00:00,6816.975427976174
2022-04-07 00:00:00,6778.88677896253
2022-04-08 00:00:00,6818.331348262438
2022-04-11 00:00:00,6684.342394728846
2022-04-12 00:00:00,6713.732325517779
2022-04-13 00:00:00,6691.357704153875
2022-04-14 00:00:00,6752.577791545872
2022-04-15 00:00:00,1004.5929095772813
2022-04-18 00:00:00,1004.5929147757016
2022-04-19 00:00:00,72166.84231392955
2022-04-20 00:00:00,72138.97554563763
2022-04-21 00:00:00,72602.74663750529
2022-04-22 00:00:00,70633.40980013605
2022-04-25 00:00:00,68697.77726333567
2022-04-26 00:00:00,67822.95214789775
2022-04-27 00:00:00,68697.47878418441
2022-04-28 00:00:00,69504.9492556736
2022-04-29 00:00:00,69383.18857360943
2022-05-02 00:00:00,62967.18541457327
2022-05-03 00:00:00,81325.51370169842
2022-05-04 00:00:00,83127.98648447196
2022-05-05 00:00:00,82127.93623054882
2022-05-06 00:00:00,73379.78506518304
2022-05-09 00:00:00,68713.42580314951
2022-05-10 00:00:00,68759.38954225474
2022-05-11 00:00:00,68857.38542874619
2022-05-12 00:00:00,68184.77793032335
2022-05-13 00:00:00,70442.25875117995
2022-05-16 00:00:00,71901.30052798658
2022-05-17 00:00:00,72668.43034899305
2022-05-18 00:00:00,71206.16798976055
2022-05-19 00:00:00,71140.2018509371
2022-05-20 00:00:00,71324.78308170995
2022-05-23 00:00:00,67112.81738020417
2022-05-24 00:00:00,88698.96285634291
2022-05-25 00:00:00,89680.5396503217
2022-05-26 00:00:00,91580.32123285516
2022-05-27 00:00:00,92587.12376103632
2022-05-30 00:00:00,93287.3724335994
2022-05-31 00:00:00,91725.35860320293
2022-06-01 00:00:00,93031.26041199909
2022-06-02 00:00:00,93024.99332018368
2022-06-03 00:00:00,93874.58758852167
2022-06-06 00:00:00,94046.94527197107
2022-06-07 00:00:00,95918.73533501313
2022-06-08 00:00:00,95587.48246748593
2022-06-09 00:00:00,93510.80525236957
2022-06-10 00:00:00,91440.15727960432
2022-06-13 00:00:00,86675.33921867647
2022-06-14 00:00:00,87165.83956198263
2022-06-15 00:00:00,85740.80071198742
2022-06-16 00:00:00,80840.63617871737
2022-06-17 00:00:00,77147.8421030295
2022-06-20 00:00:00,77577.10996420034
2022-06-21 00:00:00,80976.00359599956
2022-06-22 00:00:00,77684.00283007522
2022-06-23 00:00:00,74389.85944508055
2022-06-24 00:00:00,70428.85621188623
2022-06-27 00:00:00,93662.96938209355
2022-06-28 00:00:00,96225.36392556179
2022-06-29 00:00:00,92542.69422299853
2022-06-30 00:00:00,90987.76164981631
2022-07-01 00:00:00,84595.99629154483
2022-07-04 00:00:00,107668.44956496508
2022-07-05 00:00:00,104248.66683729208
2022-07-06 00:00:00,102363.987339422
2022-07-07 00:00:00,105701.25645050808
2022-07-08 00:00:00,105383.28833503675
2022-07-11 00:00:00,104336.7191431162
2022-07-12 00:00:00,101814.43944197882
2022-07-13 00:00:00,102064.68078825355
2022-07-14 00:00:00,100044.06626299427
2022-07-15 00:00:00,102168.90770677359
2022-07-18 00:00:00,104048.44899730143
2022-07-19 00:00:00,107405.39521454491
2022-07-20 00:00:00,108360.83891296409
2022-07-21 00:00:00,106273.05425888399
2022-07-22 00:00:00,105094.86707352781
2022-07-25 00:00:00,108865.12336682591
2022-07-26 00:00:00,107653.63856430945
2022-07-27 00:00:00,110193.94024356379
2022-07-28 00:00:00,110603.72177721714
2022-07-29 00:00:00,114236.92384697706
2022-08-01 00:00:00,103844.24459750361
2022-08-02 00:00:00,129542.02523889605
2022-08-03 00:00:00,125565.84661283097
2022-08-04 00:00:00,121521.8500231869
2022-08-05 00:00:00,123830.73292421894
2022-08-08 00:00:00,124702.75741237961
2022-08-09 00:00:00,127243.56656699181
2022-08-10 00:00:00,128461.31058118262
2022-08-11 00:00:00,132678.35426326777
2022-08-12 00:00:00,133973.47601826154
2022-08-15 00:00:00,131904.26725109603
2022-08-16 00:00:00,131753.93592890425
2022-08-17 00:00:00,132741.48414097363
2022-08-18 00:00:00,135997.616896021
2022-08-19 00:00:00,138004.4441382945
2022-08-22 00:00:00,138033.5886731537
2022-08-23 00:00:00,142032.96103196492
2022-08-24 00:00:00,143925.49857034234
2022-08-25 00:00:00,144650.46434931757
2022-08-26 00:00:00,142496.6290694672
2022-08-29 00:00:00,144442.39252228584
2022-08-30 00:00:00,139487.40244005667
2022-08-31 00:00:00,137853.33180803686
2022-09-01 00:00:00,134512.6696966596
2022-09-02 00:00:00,137902.1466665394
2022-09-05 00:00:00,136456.0792261862
2022-09-06 00:00:00,135417.6692844289
2022-09-07 00:00:00,134765.62233923032
2022-09-08 00:00:00,135279.37607253308
2022-09-09 00:00:00,137378.68378366105
2022-09-12 00:00:00,139245.9479843554
2022-09-13 00:00:00,136257.45933444076
2022-09-14 00:00:00,139183.4615834499
2022-09-15 00:00:00,135928.76631298664
2022-09-16 00:00:00,134499.97429236787
2022-09-19 00:00:00,133439.60715748023
2022-09-20 00:00:00,132638.67321486474
2022-09-21 00:00:00,131060.80559740793
2022-09-22 00:00:00,129874.89437782975
2022-09-23 00:00:00,122550.1133115456
2022-09-26 00:00:00,120951.74193857348
2022-09-27 00:00:00,122738.94011874993
2022-09-28 00:00:00,127978.90802900866
2022-09-29 00:00:00,127531.27746076685
2022-09-30 00:00:00,127357.19693773796
2022-10-03 00:00:00,131357.31703344948
2022-10-04 00:00:00,136642.11951109907
2022-10-05 00:00:00,137355.65640378976
2022-10-06 00:00:00,138823.85828914578
2022-10-07 00:00:00,136206.6144445744
2022-10-10 00:00:00,129356.89876629609
2022-10-11 00:00:00,174782.45211960774
2022-10-12 00:00:00,173173.047299688
2022-10-13 00:00:00,178867.4471774287
2022-10-14 00:00:00,174861.8187438742
2022-10-17 00:00:00,177530.8791587676
2022-10-18 00:00:00,179123.2928245888
2022-10-19 00:00:00,180366.69220629867
2022-10-20 00:00:00,183541.29163948903
2022-10-21 00:00:00,188137.59958074623
2022-10-24 00:00:00,188715.13922175852
2022-10-25 00:00:00,190937.29454665075
2022-10-26 00:00:00,192167.77253926895
2022-10-27 00:00:00,191862.0465026047
2022-10-28 00:00:00,194334.26784024507
2022-10-31 00:00:00,194378.92667031416
2022-11-01 00:00:00,195479.76802094217
2022-11-02 00:00:00,192694.66629470442
2022-11-03 00:00:00,195791.01148872194
2022-11-04 00:00:00,196751.62250307266
2022-11-07 00:00:00,199311.23207447465
2022-11-08 00:00:00,199442.17189261547
2022-11-09 00:00:00,192580.22042513982
2022-11-10 00:00:00,195865.62954058778
2022-11-11 00:00:00,198465.7185022091
2022-11-14 00:00:00,197685.4943395319
2022-11-15 00:00:00,199610.3829325822
2022-11-16 00:00:00,196442.44972177767
2022-11-17 00:00:00,198457.55733144147
2022-11-18 00:00:00,198898.25127748062
2022-11-21 00:00:00,196713.99549365594
2022-11-22 00:00:00,201679.8082148004
2022-11-23 00:00:00,200259.56963254695
2022-11-24 00:00:00,200384.98734481508
2022-11-25 00:00:00,200671.60194801484
2022-11-28 00:00:00,197236.401561832
2022-11-29 00:00:00,198568.30836156086
2022-11-30 00:00:00,199638.9612256642
2022-12-01 00:00:00,199401.12610767447
2022-12-02 00:00:00,197693.28385492536
2022-12-05 00:00:00,192865.38414500383
2022-12-06 00:00:00,191123.85090114016
2022-12-07 00:00:00,190571.4427709249
2022-12-08 00:00:00,190094.45161926004
2022-12-09 00:00:00,186535.9216214137
2022-12-12 00:00:00,190473.21242336923
2022-12-13 00:00:00,191270.12303391853
2022-12-14 00:00:00,190545.37878404572
2022-12-15 00:00:00,186321.07291718383
2022-12-16 00:00:00,184492.84700401855
2022-12-19 00:00:00,183754.3658346377
2022-12-20 00:00:00,186340.4524953629
2022-12-21 00:00:00,189181.90227806175
2022-12-22 00:00:00,185732.20134906357
2022-12-23 00:00:00,188903.77573248406
2022-12-26 00:00:00,185907.4935084974
2022-12-27 00:00:00,186629.8228652253
2022-12-28 00:00:00,194862.6479070384
2022-12-29 00:00:00,196093.95938228452
2022-12-30 00:00:00,196416.21352974925
2023-01-02 00:00:00,231105.92323404617
2023-01-03 00:00:00,228086.20835664903
2023-01-04 00:00:00,218548.04698957072
2023-01-05 00:00:00,219679.78809841877
2023-01-06 00:00:00,224187.81843008447
2023-01-09 00:00:00,224176.31041359768
2023-01-10 00:00:00,222069.5946652927
2023-01-11 00:00:00,221153.12875281883
2023-01-12 00:00:00,225942.6370780332
2023-01-13 00:00:00,227119.93909329918
2023-01-16 00:00:00,227298.497694486
2023-01-17 00:00:00,228945.66129527852
2023-01-18 00:00:00,224596.58334752035
2023-01-19 00:00:00,220686.11577702715
2023-01-20 00:00:00,223323.3685040085
2023-01-23 00:00:00,224109.87940042673
2023-01-24 00:00:00,226457.0076563129
2023-01-25 00:00:00,226551.5904118165
2023-01-26 00:00:00,230560.27558278886
2023-01-27 00:00:00,228477.42493122793
2023-01-30 00:00:00,224717.98136134876
2023-01-31 00:00:00,225546.47037587775
2023-02-01 00:00:00,226274.0224878769
2023-02-02 00:00:00,224498.06196162998
2023-02-03 00:00:00,224314.96348954
2023-02-06 00:00:00,225625.32050495912
2023-02-07 00:00:00,226818.71242549905
2023-02-08 00:00:00,226636.93774917594
2023-02-09 00:00:00,227182.34687869952
2023-02-10 00:00:00,227659.4005722525
2023-02-13 00:00:00,230167.05448895445
2023-02-14 00:00:00,230753.4936175985
2023-02-15 00:00:00,230949.73964318502
2023-02-16 00:00:00,232337.14991413883
2023-02-17 00:00:00,231074.7670358026
2023-02-20 00:00:00,231660.23145519546
2023-02-21 00:00:00,230891.68570059404
2023-02-22 00:00:00,228406.90512332105
2023-02-23 00:00:00,96080.059036342
2023-02-24 00:00:00,5861714.618957521
2023-02-27 00:00:00,5891285.301772999
2023-02-28 00:00:00,5867674.619536649
2023-03-01 00:00:00,5896304.382653929
2023-03-02 00:00:00,5907703.65397254
2023-03-03 00:00:00,5980536.518714366
2023-03-06 00:00:00,5987361.108958861
2023-03-07 00:00:00,5962888.9451665105
2023-03-08 00:00:00,6000642.737362665
2023-03-09 00:00:00,5871857.149912505
2023-03-10 00:00:00,5718720.306408255
2023-03-13 00:00:00,5526840.054682149
2023-03-14 00:00:00,5595821.991866774
2023-03-15 00:00:00,5360512.643908282
2023-03-16 00:00:00,5487041.375197494
2023-03-17 00:00:00,5349289.0504014725
2023-03-20 00:00:00,5338435.591860719
2023-03-21 00:00:00,5540923.402463609
2023-03-22 00:00:00,5501932.765945759
2023-03-23 00:00:00,5483361.60031045
2023-03-24 00:00:00,5361872.425789476
2023-03-27 00:00:00,5388193.642740277
2023-03-28 00:00:00,5409916.562374738
2023-03-29 00:00:00,5483680.611264487
2023-03-30 00:00:00,5540284.517445241
2023-03-31 00:00:00,5578072.399916346
2023-04-03 00:00:00,5634547.011493323
2023-04-04 00:00:00,5591485.908595378
2023-04-05 00:00:00,5520472.14398924
2023-04-06 00:00:00,5466137.625025202
2023-04-07 00:00:00,4448194.701533381
2023-04-10 00:00:00,4502364.061390101
2023-04-11 00:00:00,45320442.3168696
2023-04-12 00:00:00,45685353.61731425
2023-04-13 00:00:00,46075074.6485137
2023-04-14 00:00:00,46489305.98027484
2023-04-17 00:00:00,46357975.80678289
2023-04-18 00:00:00,47217331.18100748
2023-04-19 00:00:00,46832546.34947493
2023-04-20 00:00:00,46051189.005994126
2023-04-21 00:00:00,46159793.29811723
2023-04-24 00:00:00,45659653.76694341
2023-04-25 00:00:00,44693703.01514793
2023-04-26 00:00:00,44600873.93131173
2023-04-27 00:00:00,45287203.97752557
2023-04-28 00:00:00,45811006.65059725
2023-05-01 00:00:00,38902411.718192354
2023-05-02 00:00:00,218290352.9656333
2023-05-03 00:00:00,91396647.45198748
2023-05-04 00:00:00,91376278.48238951
2023-05-05 00:00:00,92609020.52282219
2023-05-08 00:00:00,6078349506.234937
2023-05-09 00:00:00,6062452635.408375
2023-05-10 00:00:00,6045350955.021836
2023-05-11 00:00:00,6030799259.529224
2023-05-12 00:00:00,6094792577.04291
2023-05-15 00:00:00,6143100849.002758
2023-05-16 00:00:00,6152578578.442459
2023-05-17 00:00:00,6199416633.718009
2023-05-18 00:00:00,6296107650.53491
2023-05-19 00:00:00,6289934643.829363
2023-05-22 00:00:00,6352791697.669932
2023-05-23 00:00:00,6280059134.117501
2023-05-24 00:00:00,6251491371.510286
2023-05-25 00:00:00,6306984390.652071
2023-05-26 00:00:00,6376604974.204168
2023-05-29 00:00:00,6424967582.020032
2023-05-30 00:00:00,6435792532.407078
2023-05-31 00:00:00,6305723006.875249
2023-06-01 00:00:00,6433361555.152736
2023-06-02 00:00:00,6484652403.931965
2023-06-05 00:00:00,6526171896.025529
2023-06-06 00:00:00,6615875809.036621
2023-06-07 00:00:00,6512309708.859713
2023-06-08 00:00:00,6620316198.6673565
2023-06-09 00:00:00,6678368026.839451
2023-06-12 00:00:00,6778692389.684758
2023-06-13 00:00:00,6806870387.262156
2023-06-14 00:00:00,6868192656.071523
2023-06-15 00:00:00,6890432097.587637
2023-06-16 00:00:00,6784270132.014646
2023-06-19 00:00:00,6782338372.253188
2023-06-20 00:00:00,6693218643.727809
2023-06-21 00:00:00,6602202595.342661
2023-06-22 00:00:00,6613317806.004853
2023-06-23 00:00:00,6139490949.471506
2023-06-26 00:00:00,7373008053.555189
2023-06-27 00:00:00,7519066927.919475
2023-06-28 00:00:00,7662571009.557309
2023-06-29 00:00:00,7634676488.44843
2023-06-30 00:00:00,7809794346.546576
2023-07-03 00:00:00,7615025090.451843
2023-07-04 00:00:00,9478919998.476984
2023-07-05 00:00:00,9529530383.978798
2023-07-06 00:00:00,9349869919.974323
2023-07-07 00:00:00,9417959463.237057
2023-07-10 00:00:00,9549536127.696068
2023-07-11 00:00:00,9604336436.372116
2023-07-12 00:00:00,9711114787.962917
2023-07-13 00:00:00,9964555177.97736
2023-07-14 00:00:00,9873925153.562685
2023-07-17 00:00:00,10016146945.320442
2023-07-18 00:00:00,10183021491.539156
2023-07-19 00:00:00,10134682224.171125
2023-07-20 00:00:00,9957659432.920874
2023-07-21 00:00:00,9919652356.560608
2023-07-24 00:00:00,9968924867.38326
2023-07-25 00:00:00,10054154574.432632
2023-07-26 00:00:00,10016371555.2592
2023-07-27 00:00:00,10196684208.175764
2023-07-28 00:00:00,10384119749.877975
2023-07-31 00:00:00,10503387329.346214
2023-08-01 00:00:00,10552759262.783882
2023-08-02 00:00:00,10267294109.234392
2023-08-03 00:00:00,10179465540.970877
2023-08-04 00:00:00,10247015846.982878
2023-08-07 00:00:00,10290624259.677393
2023-08-08 00:00:00,10691422110.849451
2023-08-09 00:00:00,10226272711.223928
2023-08-10 00:00:00,10422570815.897806
2023-08-11 00:00:00,5581205774.127983
2023-08-14 00:00:00,439005775372.9544
2023-08-15 00:00:00,432124481193.15
2023-08-16 00:00:00,434550221466.6267
2023-08-17 00:00:00,427211064305.6574
2023-08-18 00:00:00,425884892736.69226
2023-08-21 00:00:00,430966546276.90924
2023-08-22 00:00:00,435460667572.0761
2023-08-23 00:00:00,444237614487.7617
2023-08-24 00:00:00,437238933849.2395
2023-08-25 00:00:00,433289341943.9273
2023-08-28 00:00:00,439236751567.1793
2023-08-29 00:00:00,443094721616.20026
2023-08-30 00:00:00,447096503010.9434
2023-08-31 00:00:00,450620865795.30096
2023-09-01 00:00:00,451179111233.2114
2023-09-04 00:00:00,451649884692.3969
2023-09-05 00:00:00,450936223970.6227
2023-09-06 00:00:00,446085263430.3036
2023-09-07 00:00:00,441375582270.7576
2023-09-08 00:00:00,441562019532.32587
2023-09-11 00:00:00,445994980237.1651
2023-09-12 00:00:00,438938545077.1348
2023-09-13 00:00:00,439084040409.82495
2023-09-14 00:00:00,442218250262.64276
2023-09-15 00:00:00,429414692292.8105
2023-09-18 00:00:00,425044803717.942
2023-09-19 00:00:00,424890147661.1312
2023-09-20 00:00:00,417708265642.0684
2023-09-21 00:00:00,404180376159.3216
2023-09-22 00:00:00,404618741272.4463
2023-09-25 00:00:00,409780887131.8385
2023-09-26 00:00:00,403897400757.93713
2023-09-27 00:00:00,409898855194.3887
2023-09-28 00:00:00,418906247203.271
2023-09-29 00:00:00,420846781704.88666
2023-10-02 00:00:00,425417360268.8868
2023-10-03 00:00:00,408562549055.63043
2023-10-04 00:00:00,416423770801.4745
2023-10-05 00:00:00,419033468670.8435
2023-10-06 00:00:00,429465684678.5598
2023-10-09 00:00:00,412316633745.33075
2023-10-10 00:00:00,588465682014.397
2023-10-11 00:00:00,591948843094.9984
2023-10-12 00:00:00,587016846827.3
2023-10-13 00:00:00,572541478974.1268
2023-10-16 00:00:00,581832101612.0298
2023-10-17 00:00:00,582649299536.3309
2023-10-18 00:00:00,566663738314.1306
2023-10-19 00:00:00,558823939279.0876
2023-10-20 00:00:00,544807429451.16235
2023-10-23 00:00:00,551792998069.3704
2023-10-24 00:00:00,561772222423.851
2023-10-25 00:00:00,540815979217.2945
2023-10-26 00:00:00,526699550562.15106
2023-10-27 00:00:00,527872664790.0789
2023-10-30 00:00:00,531232989168.7417
2023-10-31 00:00:00,532093396778.9426
2023-11-01 00:00:00,545889526144.3531
2023-11-02 00:00:00,555141192385.5785
2023-11-03 00:00:00,565734006097.9017
2023-11-06 00:00:00,565041488928.608
2023-11-07 00:00:00,571912761354.3691
2023-11-08 00:00:00,570253526351.707
2023-11-09 00:00:00,572446590814.3174
2023-11-10 00:00:00,585227692945.0494
2023-11-13 00:00:00,584100682401.4385
2023-11-14 00:00:00,606772522273.9899
2023-11-15 00:00:00,600406261824.1766
2023-11-16 00:00:00,599855490331.116
2023-11-17 00:00:00,606969657917.623
2023-11-20 00:00:00,620964976869.2372
2023-11-21 00:00:00,607787567637.0647
2023-11-22 00:00:00,606622538819.3346
2023-11-23 00:00:00,607151381567.3658
2023-11-24 00:00:00,604645072164.6831
2023-11-27 00:00:00,605289937516.0977
2023-11-28 00:00:00,610245687321.1307
2023-11-29 00:00:00,609649400873.8787
2023-11-30 00:00:00,602873894186.9471
2023-12-01 00:00:00,609980283502.5045
2023-12-04 00:00:00,605550806885.3748
2023-12-05 00:00:00,605950761440.7916
2023-12-06 00:00:00,592156034248.1626
2023-12-07 00:00:00,597134324667.4338
2023-12-08 00:00:00,613915945521.4926
2023-12-11 00:00:00,608101597301.5684
2023-12-12 00:00:00,612855580213.2233
2023-12-13 00:00:00,624929622997.4877
2023-12-14 00:00:00,629570239518.0696
2023-12-15 00:00:00,627451786512.691
2023-12-18 00:00:00,637706294089.84
2023-12-19 00:00:00,643531091438.9597
2023-12-20 00:00:00,630739870996.3484
2023-12-21 00:00:00,640389974290.9427
2023-12-22 00:00:00,640390572184.5778
2023-12-25 00:00:00,610738339552.3894
2023-12-26 00:00:00,613376978422.4121
2023-12-27 00:00:00,813483439352.2228
2023-12-28 00:00:00,813228805164.8582
2023-12-29 00:00:00,798124995712.8405
2024-01-02 00:00:00,765539820330.2977
2024-01-03 00:00:00,753349498162.0261
2024-01-04 00:00:00,761246848903.1193
2024-01-05 00:00:00,765407599037.5905
2024-01-08 00:00:00,801266105469.7174
2024-01-09 00:00:00,812747182025.3461
2024-01-10 00:00:00,821817103838.9471
2024-01-11 00:00:00,816832816701.0604
2024-01-12 00:00:00,805882887795.4214
2024-01-15 00:00:00,805893460567.937
2024-01-16 00:00:00,808472709694.4763
2024-01-17 00:00:00,799129858869.7854
2024-01-18 00:00:00,793825560861.5806
2024-01-19 00:00:00,845661493177.0371
2024-01-22 00:00:00,858592301924.4423
2024-01-23 00:00:00,860407341821.9517
2024-01-24 00:00:00,863526571806.1403
2024-01-25 00:00:00,864316333690.5635
2024-01-26 00:00:00,860523011467.5864
2024-01-29 00:00:00,885596125180.5353
2024-01-30 00:00:00,881186801052.0856
2024-01-31 00:00:00,868890802706.7771
2024-02-01 00:00:00,869031514143.772
2024-02-02 00:00:00,880550204409.8704
2024-02-05 00:00:00,882643297404.5685
2024-02-06 00:00:00,884279653442.6337
2024-02-07 00:00:00,889241386131.8802
2024-02-08 00:00:00,893794020553.1285
2024-02-09 00:00:00,908732209255.3032
2024-02-12 00:00:00,913879003823.2142
2024-02-13 00:00:00,885121742490.6233
2024-02-14 00:00:00,909103666403.7649
2024-02-15 00:00:00,932150361508.8951
2024-02-16 00:00:00,915924655205.6176
2024-02-19 00:00:00,914276799332.8776
2024-02-20 00:00:00,911240638430.7471
2024-02-21 00:00:00,894848361991.0876
2024-02-22 00:00:00,923734954228.6608
2024-02-23 00:00:00,921315094913.843
2024-02-26 00:00:00,922016995801.3429
2024-02-27 00:00:00,915209779062.1641
2024-02-28 00:00:00,908836670172.6766
2024-02-29 00:00:00,922341607340.0679
2024-03-01 00:00:00,940226841101.6842
2024-03-04 00:00:00,984727566343.5374
2024-03-05 00:00:00,967859496427.1941
2024-03-06 00:00:00,1008990415965.663
2024-03-07 00:00:00,1023356360539.5037
2024-03-08 00:00:00,1010217886512.0444
2024-03-11 00:00:00,984296727677.4591
2024-03-12 00:00:00,1010200972869.83
2024-03-13 00:00:00,1007466675227.7787
2024-03-14 00:00:00,979198719545.3434
2024-03-15 00:00:00,964207491164.7032
2024-03-18 00:00:00,963524383938.3844
2024-03-19 00:00:00,946322411400.047
2024-03-20 00:00:00,972983775611.7981
2024-03-21 00:00:00,995488723865.1704
2024-03-22 00:00:00,994402145611.7362
2024-03-25 00:00:00,1018625959011.0352
2024-03-26 00:00:00,1006906926666.8553
2024-03-27 00:00:00,994974136334.3604
2024-03-28 00:00:00,991430678726.9955
2024-03-29 00:00:00,991266602332.4727
2024-04-01 00:00:00,986127839298.442
2024-04-02 00:00:00,863196899691.884
2024-04-03 00:00:00,872072729715.917
2024-04-04 00:00:00,852409333297.5188
2024-04-05 00:00:00,848838933875.2339
2024-04-08 00:00:00,854426952146.6243
2024-04-09 00:00:00,841733896340.9733
2024-04-10 00:00:00,847359718301.8855
2024-04-11 00:00:00,863449466402.4957
2024-04-12 00:00:00,842695477030.4628
2024-04-15 00:00:00,822447500091.9963
2024-04-16 00:00:00,828796713671.0624
2024-04-17 00:00:00,815434938037.454
2024-04-18 00:00:00,813891094816.5485
2024-04-19 00:00:00,761757561810.0636
2024-04-22 00:00:00,777290148179.1324
2024-04-23 00:00:00,803108486510.8154
2024-04-24 00:00:00,796278672602.7543
2024-04-25 00:00:00,799597108401.0417
2024-04-26 00:00:00,829074882594.1875
2024-04-29 00:00:00,843765132478.9258
2024-04-30 00:00:00,812297923751.0114
2024-05-01 00:00:00,787706272468.9889
2024-05-02 00:00:00,821801672428.0853
2024-05-03 00:00:00,354572542782.98895
2024-05-06 00:00:00,360671319423.9365
2024-05-07 00:00:00,32196081869616.36
2024-05-08 00:00:00,32183858193413.746
2024-05-09 00:00:00,32008197756139.047
2024-05-10 00:00:00,31765718458088.566
2024-05-13 00:00:00,31463614116138.598
2024-05-14 00:00:00,31756154801505.816
2024-05-15 00:00:00,32925990351029.766
2024-05-16 00:00:00,32297123884108.207
2024-05-17 00:00:00,32234013816421.93
2024-05-20 00:00:00,32716767705218.844
2024-05-21 00:00:00,32713155668022.066
2024-05-22 00:00:00,32460562567370.97
2024-05-23 00:00:00,32250311391280.387
2024-05-24 00:00:00,32698106858841.387
2024-05-27 00:00:00,32948953118773.07
2024-05-28 00:00:00,33021216852172.246
2024-05-29 00:00:00,32554224688433.89
2024-05-30 00:00:00,32206670717961.445
2024-05-31 00:00:00,32219280217758.375
2024-06-03 00:00:00,32390462530406.367
2024-06-04 00:00:00,32534958075923.062
2024-06-05 00:00:00,33452567083021.15
2024-06-06 00:00:00,33252409365617.555
2024-06-07 00:00:00,32933672382196.727
2024-06-10 00:00:00,33708183651452.24
2024-06-11 00:00:00,33424133226418.293
2024-06-12 00:00:00,34053361533646.816
2024-06-13 00:00:00,34679957184021.047
2024-06-14 00:00:00,34339812337770.47
2024-06-17 00:00:00,34757887736541.836
2024-06-18 00:00:00,35241169146109.24
2024-06-19 00:00:00,35264563581951.95
2024-06-20 00:00:00,34922568998816.39
2024-06-21 00:00:00,34254560097699.75
2024-06-24 00:00:00,33115908660260.766
2024-06-25 00:00:00,34002132868397.617
2024-06-26 00:00:00,33586666730049.426
2024-06-27 00:00:00,33995029294680.83
2024-06-28 00:00:00,33421073321703.84
2024-07-01 00:00:00,33826075322260.57
2024-07-02 00:00:00,33917594474070.71
2024-07-03 00:00:00,34386311052992.195
2024-07-04 00:00:00,34450040961074.78
2024-07-05 00:00:00,34369142919540.992
2024-07-08 00:00:00,34863102872563.1
2024-07-09 00:00:00,35089889565993.266
2024-07-10 00:00:00,35397794060109.21
2024-07-11 00:00:00,34527860924251.562
2024-07-12 00:00:00,34721453762790.68
2024-07-15 00:00:00,36207797747161.79
2024-07-16 00:00:00,34994647567257.535
2024-07-17 00:00:00,33150568087916.957
2024-07-18 00:00:00,32711539353012.57
2024-07-19 00:00:00,32374312654561.754
2024-07-22 00:00:00,32479380020484.793
2024-07-23 00:00:00,32502384540660.13
2024-07-24 00:00:00,30767653899760.605
2024-07-25 00:00:00,29843710010831.855
2024-07-26 00:00:00,30322497562164.184
2024-07-29 00:00:00,30175607500036.86
2024-07-30 00:00:00,29014555508027.297
2024-07-31 00:00:00,30851438745433.902
2024-08-01 00:00:00,29390774102328.973
2024-08-02 00:00:00,28159576856755.35
2024-08-05 00:00:00,25446883398198.242
2024-08-06 00:00:00,27163576311805.445
2024-08-07 00:00:00,26971832860566.797
2024-08-08 00:00:00,27057740806327.316
2024-08-09 00:00:00,27497646716741.99
2024-08-12 00:00:00,12076799468338.729
2024-08-13 00:00:00,888166839445252.6
2024-08-14 00:00:00,888550045905926.6
2024-08-15 00:00:00,897222034819489.0
2024-08-16 00:00:00,943588431474673.6
2024-08-19 00:00:00,942029440559906.5
2024-08-20 00:00:00,938698830445056.6
2024-08-21 00:00:00,941594730815259.1
2024-08-22 00:00:00,934292879495623.2
2024-08-23 00:00:00,946524291763724.8
2024-08-26 00:00:00,930250160344278.0
2024-08-27 00:00:00,939116638689653.5
2024-08-28 00:00:00,929717634819349.4
2024-08-29 00:00:00,932713481098473.0
2024-08-30 00:00:00,936509695023092.6
2024-09-02 00:00:00,935127546140576.1
2024-09-03 00:00:00,901638342004375.8
2024-09-04 00:00:00,897059554439526.4
2024-09-05 00:00:00,897755268738443.2
2024-09-06 00:00:00,872504928563187.0
2024-09-09 00:00:00,891982229424073.6
2024-09-10 00:00:00,900231098669809.2
2024-09-11 00:00:00,916723468444529.9
2024-09-12 00:00:00,933393761421216.1
2024-09-13 00:00:00,942592750107973.2
2024-09-16 00:00:00,962626954213582.8
2024-09-17 00:00:00,947349348580922.6
2024-09-18 00:00:00,946236427965865.5
2024-09-19 00:00:00,965567802243137.8
2024-09-20 00:00:00,974241814604515.9
2024-09-23 00:00:00,991394493362857.4
2024-09-24 00:00:00,991064061810265.6
2024-09-25 00:00:00,992119313023790.2
2024-09-26 00:00:00,1000346052892129.9
2024-09-27 00:00:00,992888717432720.5
2024-09-30 00:00:00,990975251952790.8
2024-10-01 00:00:00,980083802012793.5
2024-10-02 00:00:00,985703805695670.2
2024-10-03 00:00:00,988595715421820.5
2024-10-04 00:00:00,1001364643675366.1
2024-10-07 00:00:00,1001744176184537.0
2024-10-08 00:00:00,1019123098163019.1
2024-10-09 00:00:00,1028683820667822.5
2024-10-10 00:00:00,1026419456575687.6
2024-10-11 00:00:00,1035710534077790.8
2024-10-14 00:00:00,1062175049729157.0
2024-10-15 00:00:00,1040854801101976.4
2024-10-16 00:00:00,1052367712824518.4
2024-10-17 00:00:00,1053230480674521.8
2024-10-18 00:00:00,1055718433418310.4
2024-10-21 00:00:00,1056111107080193.4
2024-10-22 00:00:00,1049531292873813.5
2024-10-23 00:00:00,1037376432233559.6
2024-10-24 00:00:00,1043642526887817.4
2024-10-25 00:00:00,1046465796362384.1
2024-10-28 00:00:00,1047349205370419.0
2024-10-29 00:00:00,1056403931716309.5
2024-10-30 00:00:00,1041937953924100.9
2024-10-31 00:00:00,1016964647848068.6
2024-11-01 00:00:00,1013557005629302.9
2024-11-04 00:00:00,1017526300426897.1
2024-11-05 00:00:00,1047900499926605.5
2024-11-06 00:00:00,1075772356627843.4
2024-11-07 00:00:00,1097042136011534.9
2024-11-08 00:00:00,1104135981478436.9
2024-11-11 00:00:00,1105775079991796.5
2024-11-12 00:00:00,1098020946028122.6
2024-11-13 00:00:00,1088804110163227.8
2024-11-14 00:00:00,1083864023137852.0
2024-11-15 00:00:00,1071088353769962.1
2024-11-18 00:00:00,1066036063597618.2
2024-11-19 00:00:00,1085903876538089.6
2024-11-20 00:00:00,1082817838594200.1
2024-11-21 00:00:00,1093121542878988.6
2024-11-22 00:00:00,1101238257116125.6
2024-11-25 00:00:00,1099979669531229.5
2024-11-26 00:00:00,1107129716993857.6
2024-11-27 00:00:00,1098887075966676.4
2024-11-28 00:00:00,1100548932671089.1
2024-11-29 00:00:00,1108922549617437.5
2024-12-02 00:00:00,1097020387795873.0
2024-12-03 00:00:00,1107382646219624.8
2024-12-04 00:00:00,1118581909530209.9
2024-12-05 00:00:00,1130664763605937.8
2024-12-06 00:00:00,1148659526823090.8
2024-12-09 00:00:00,1111599728256273.2
2024-12-10 00:00:00,1097274212685473.1
2024-12-11 00:00:00,1119202850368032.5
2024-12-12 00:00:00,1113028895582628.5
2024-12-13 00:00:00,1113791347112821.0
2024-12-16 00:00:00,1114734546724252.4
2024-12-17 00:00:00,1108846551323408.8
2024-12-18 00:00:00,1065481316215261.9
2024-12-19 00:00:00,1073359715096779.0
2024-12-20 00:00:00,1102642225675559.4
2024-12-23 00:00:00,1111648167313302.9
2024-12-24 00:00:00,1128255963295889.0
2024-12-25 00:00:00,1081273572549232.6
2024-12-26 00:00:00,1076023231315289.9
2024-12-27 00:00:00,1723962234066507.0
2024-12-30 00:00:00,1707061188617310.2
2024-12-31 00:00:00,1692809728655767.2
2025-01-02 00:00:00,1665470384626670.2
2025-01-03 00:00:00,1692226601935553.2
2025-01-06 00:00:00,1347577149021652.5
2025-01-07 00:00:00,1332504173507729.0
2025-01-08 00:00:00,1329710695400488.5
2025-01-09 00:00:00,1320048239074199.5
2025-01-10 00:00:00,1307799548505433.2
2025-01-13 00:00:00,1518564260380085.0
2025-01-14 00:00:00,1363067080177227.8
2025-01-15 00:00:00,1386395683676689.2
2025-01-16 00:00:00,1390666657717641.8
2025-01-17 00:00:00,1398307644314940.2
2025-01-20 00:00:00,1408303444884924.2
2025-01-21 00:00:00,1416524784738123.8
2025-01-22 00:00:00,1429459156306091.5
2025-01-23 00:00:00,1436606933127701.0
2025-01-24 00:00:00,1443763388720661.2
2025-01-27 00:00:00,1426913576252581.0
2025-01-28 00:00:00,1458068231781030.2
2025-01-29 00:00:00,1464586624420842.0
2025-01-30 00:00:00,1479075127914254.0
2025-01-31 00:00:00,1475665519672546.5
2025-02-03 00:00:00,1464760074650150.2
2025-02-04 00:00:00,1532005497738262.5
2025-02-05 00:00:00,1534379228210606.2
2025-02-06 00:00:00,1556785084468568.5
2025-02-07 00:00:00,1536774503215135.0
2025-02-10 00:00:00,1546941488303615.8
2025-02-11 00:00:00,1511752940385501.0
2025-02-12 00:00:00,1527376745974041.0
2025-02-13 00:00:00,1533989251193310.8
2025-02-14 00:00:00,1526384725148225.0
2025-02-17 00:00:00,1526770801454670.5
2025-02-18 00:00:00,1537107620837093.0
2025-02-19 00:00:00,1515373878961981.0
2025-02-20 00:00:00,1468902417360511.8
2025-02-21 00:00:00,1404769651022317.0
2025-02-24 00:00:00,1377195382605654.8
2025-02-25 00:00:00,1349653947767334.2
2025-02-26 00:00:00,1370599626478494.2
2025-02-27 00:00:00,1321303808650703.8
2025-02-28 00:00:00,1342712988963700.2
2025-03-03 00:00:00,1316813571699074.8
2025-03-04 00:00:00,1285000103829099.0
2025-03-05 00:00:00,1331298367007641.8
2025-03-06 00:00:00,1261250761736023.2
2025-03-07 00:00:00,1252183905765654.5
2025-03-10 00:00:00,1175679662198394.8
2025-03-11 00:00:00,1182003567599202.2
2025-03-12 00:00:00,1203552676906043.8
2025-03-13 00:00:00,1160884252385400.8
2025-03-14 00:00:00,1211908180039437.5
2025-03-17 00:00:00,1227809618615992.0
2025-03-18 00:00:00,1203758815300896.0
2025-03-19 00:00:00,1241385778114158.0
2025-03-20 00:00:00,1234925202836988.5
2025-03-21 00:00:00,1250329469851885.8
2025-03-24 00:00:00,1300923160178122.5
2025-03-25 00:00:00,1303718034202004.0
2025-03-26 00:00:00,1273685421359247.2
2025-03-27 00:00:00,1251226201870503.2
2025-03-28 00:00:00,1208536855329118.2
2025-03-31 00:00:00,1195901155010703.5
2025-04-01 00:00:00,1197732440836318.0
2025-04-02 00:00:00,1207952094982373.5
2025-04-03 00:00:00,1154457970309724.5
2025-04-04 00:00:00,1057874114606990.4
2025-04-07 00:00:00,1056988232678081.5
2025-04-08 00:00:00,1050050132236906.1
2025-04-09 00:00:00,1137940234311069.2
2025-04-10 00:00:00,1119706468029867.0
2025-04-11 00:00:00,1136476587684138.0
2025-04-14 00:00:00,1162422838045422.8
2025-04-15 00:00:00,1192398915549397.2
2025-04-16 00:00:00,1178668677460985.0
2025-04-17 00:00:00,1185533559211283.2
2025-04-18 00:00:00,1180423695097731.0
2025-04-21 00:00:00,1161289560689071.2
2025-04-22 00:00:00,1442539720451111.2
2025-04-23 00:00:00,1473143379532101.2
2025-04-24 00:00:00,1503460274253855.5
2025-04-25 00:00:00,1507879129757111.5
2025-04-28 00:00:00,1523219529002701.0
2025-04-29 00:00:00,1535053958035969.8
2025-04-30 00:00:00,1535352767734012.8
2025-05-01 00:00:00,1509837093107717.8
2025-05-02 00:00:00,1752947193149706.0
2025-05-05 00:00:00,721480163199134.9
2025-05-06 00:00:00,709268254348463.8
2025-05-07 00:00:00,4.85789508135762e+16
2025-05-08 00:00:00,4.899762218069465e+16
2025-05-09 00:00:00,4.9704506688572296e+16
2025-05-12 00:00:00,5.009728738845914e+16
2025-05-13 00:00:00,5.110053753975687e+16
2025-05-14 00:00:00,5.07514422905647e+16
2025-05-15 00:00:00,5.033100891765012e+16
2025-05-16 00:00:00,5.057193604244888e+16
2025-05-19 00:00:00,5.04858527586872e+16
2025-05-20 00:00:00,5.051054621338545e+16
2025-05-21 00:00:00,5.0192718277805016e+16
2025-05-22 00:00:00,4.990861301971405e+16
2025-05-23 00:00:00,5.018898190815005e+16
2025-05-26 00:00:00,5.016761708784909e+16
2025-05-27 00:00:00,5.044550763259565e+16
2025-05-28 00:00:00,5.079858702159104e+16
2025-05-29 00:00:00,5.086694504480104e+16
2025-05-30 00:00:00,5.8736319839721304e+16
2025-06-02 00:00:00,5.936930256394702e+16
2025-06-03 00:00:00,5.964811547663082e+16
2025-06-04 00:00:00,5.930686322379992e+16
2025-06-05 00:00:00,5.870507728470347e+16
2025-06-06 00:00:00,5.9336092716699864e+16
2025-06-09 00:00:00,5.948825167516247e+16
2025-06-10 00:00:00,5.900205091768999e+16
2025-06-11 00:00:00,5.9510612799928e+16
2025-06-12 00:00:00,5.929448202094245e+16
2025-06-13 00:00:00,5.9099822766750504e+16
2025-06-16 00:00:00,6.02343167086386e+16
2025-06-17 00:00:00,5.9491068540067e+16
2025-06-18 00:00:00,5.983520459796148e+16
2025-06-19 00:00:00,5.976897286192943e+16
2025-06-20 00:00:00,5.917741830836262e+16
2025-06-23 00:00:00,5.988270130740193e+16
2025-06-24 00:00:00,6.1052793270587144e+16
2025-06-25 00:00:00,6.077035051976042e+16
2025-06-26 00:00:00,6.144750935845373e+16
2025-06-27 00:00:00,6.089398277978272e+16
2025-06-30 00:00:00,6.158942170893722e+16
2025-07-01 00:00:00,6.0560029383334776e+16
2025-07-02 00:00:00,6.099645972821819e+16
2025-07-03 00:00:00,6.1635356549980456e+16
2025-07-04 00:00:00,6.141976024094904e+16
2025-07-07 00:00:00,6.166046815839562e+16
2025-07-08 00:00:00,6.18599347694634e+16
2025-07-09 00:00:00,6.273237215109701e+16
2025-07-10 00:00:00,6.211920829589907e+16
2025-07-11 00:00:00,6.225745933154583e+16
2025-07-14 00:00:00,6.291686034524074e+16
2025-07-15 00:00:00,6.267885284348437e+16
2025-07-16 00:00:00,6.280810778326842e+16
2025-07-17 00:00:00,6.304563415606986e+16
2025-07-18 00:00:00,6.298948539467091e+16
2025-07-21 00:00:00,2.6117898840026616e+16
2025-07-22 00:00:00,1.954014058288187e+18
2025-07-23 00:00:00,1.9690552090615905e+18
2025-07-24 00:00:00,1.9834477733978022e+18
2025-07-25 00:00:00,1.9758430805767805e+18
2025-07-28 00:00:00,1.9746099596178056e+18
2025-07-29 00:00:00,1.9614932746945562e+18
2025-07-30 00:00:00,1.963289947071244e+18
2025-07-31 00:00:00,1.9624967925281884e+18
2025-08-01 00:00:00,1.9548373934850322e+18
2025-08-04 00:00:00,1.9652215305867748e+18
2025-08-05 00:00:00,1.9900818925938696e+18
2025-08-06 00:00:00,2.0202401664077545e+18
2025-08-07 00:00:00,2.018113889816543e+18
2025-08-08 00:00:00,2.0537480823440358e+18
2025-08-11 00:00:00,8.377690463984049e+17
2025-08-12 00:00:00,6.4114855215375426e+19
2025-08-13 00:00:00,6.396233694105471e+19
2025-08-14 00:00:00,6.306498032352607e+19
2025-08-15 00:00:00,6.272183955727881e+19
2025-08-18 00:00:00,6.730633648041552e+19
2025-08-19 00:00:00,6.655948615624887e+19
2025-08-20 00:00:00,6.64993487938764e+19
2025-08-21 00:00:00,6.58396276457777e+19
2025-08-22 00:00:00,6.649842820691873e+19
2025-08-25 00:00:00,6.644158451796303e+19
2025-08-26 00:00:00,6.605917760890585e+19
2025-08-27 00:00:00,6.587593132649807e+19
2025-08-28 00:00:00,6.63442421350838e+19
2025-08-29 00:00:00,6.591486238449828e+19
2025-09-01 00:00:00,6.557238764683441e+19
2025-09-02 00:00:00,6.496021862754574e+19
2025-09-03 00:00:00,6.45525727357621e+19
2025-09-04 00:00:00,6.585914129594825e+19
2025-09-05 00:00:00,6.608819570565587e+19
2025-09-08 00:00:00,6.68153969687607e+19
2025-09-09 00:00:00,6.682422911063244e+19
2025-09-10 00:00:00,6.840419257504733e+19
2025-09-11 00:00:00,6.97736112507122e+19
2025-09-12 00:00:00,6.955225754445741e+19
2025-09-15 00:00:00,6.901263936682367e+19
2025-09-16 00:00:00,6.962608913402787e+19
2025-09-17 00:00:00,6.901488089047109e+19
2025-09-18 00:00:00,7.065601268604743e+19
2025-09-19 00:00:00,7.154025448888066e+19
2025-09-22 00:00:00,7.127921059180702e+19
2025-09-23 00:00:00,6.9736361325333545e+19
2025-09-24 00:00:00,7.076120817904143e+19
2025-09-25 00:00:00,7.052528032446813e+19
2025-09-26 00:00:00,7.016375057637997e+19
2025-09-29 00:00:00,7.0918562470695805e+19
2025-09-30 00:00:00,7.08840950744563e+19
2025-10-01 00:00:00,7.165599817673332e+19
2025-10-02 00:00:00,7.295614315054508e+19
2025-10-03 00:00:00,7.273768917522568e+19
2025-10-06 00:00:00,7.44987713110857e+19
2025-10-07 00:00:00,7.352111494844247e+19
2025-10-08 00:00:00,7.426852613045703e+19
2025-10-09 00:00:00,7.556772037906157e+19
2025-10-10 00:00:00,7.212080851698624e+19
2025-10-13 00:00:00,6.952012625643933e+19
2025-10-14 00:00:00,1.0832959823681179e+20
2025-10-15 00:00:00,1.105933286756465e+20
2025-10-16 00:00:00,1.1239469503958663e+20
2025-10-17 00:00:00,1.1103189092749166e+20
2025-10-20 00:00:00,1.142539931405562e+20
2025-10-21 00:00:00,1.1406448441239524e+20
2025-10-22 00:00:00,1.1163442121125616e+20
2025-10-23 00:00:00,1.1344372693861225e+20
2025-10-24 00:00:00,1.1649538898961972e+20
2025-10-27 00:00:00,1.1913277274046554e+20
2025-10-28 00:00:00,1.2019540326205835e+20
2025-10-29 00:00:00,1.2260972605094312e+20
2025-10-30 00:00:00,1.2032702970619634e+20
2025-10-31 00:00:00,1.2328660059021199e+20
2025-11-03 00:00:00,1.1537304112690813e+20
2025-11-04 00:00:00,1.2310818809682708e+20
2025-11-05 00:00:00,1.2097999880381584e+20
2025-11-06 00:00:00,1.1843546793098635e+20
2025-11-07 00:00:00,1.1677026026255758e+20
2025-11-10 00:00:00,1.209591253475428e+20
2025-11-11 00:00:00,1.2048630859734919e+20
2025-11-12 00:00:00,1.1841554691367967e+20
2025-11-13 00:00:00,1.1252875874393193e+20
2025-11-14 00:00:00,1.118669280469634e+20
2025-11-17 00:00:00,1.1043291049090354e+20
2025-11-18 00:00:00,1.072867713131269e+20
2025-11-19 00:00:00,1.0777023577351176e+20
2025-11-20 00:00:00,1.034694177385282e+20
2025-11-21 00:00:00,1.0166733567756583e+20
2025-11-24 00:00:00,1.0256297547426356e+20
2025-11-25 00:00:00,1.0224833125092473e+20
2025-11-26 00:00:00,1.0536354763084338e+20
2025-11-27 00:00:00,1.0592852163281124e+20
2025-11-28 00:00:00,1.0742057755267978e+20
2025-12-01 00:00:00,1.0651283402162338e+20
2025-12-02 00:00:00,1.0703142521138099e+20
2025-12-03 00:00:00,1.0804406334122641e+20
2025-12-04 00:00:00,1.0836170797860954e+20
2025-12-05 00:00:00,1.1102638172667642e+20
2025-12-08 00:00:00,1.1164753381663688e+20
2025-12-09 00:00:00,1.1330678105792853e+20
2025-12-10 00:00:00,1.150665781357197e+20
2025-12-11 00:00:00,1.14229463401516e+20
2025-12-12 00:00:00,1.1088471708066742e+20
2025-12-15 00:00:00,1.0964785166467681e+20
2025-12-16 00:00:00,1.087945320417182e+20
2025-12-17 00:00:00,1.0594090665316242e+20
2025-12-18 00:00:00,1.0807654299147516e+20
2025-12-19 00:00:00,1.1164546713547671e+20
2025-12-22 00:00:00,1.1370375133577223e+20
2025-12-23 00:00:00,1.1443351064160987e+20
2025-12-24 00:00:00,1.1489457722836458e+20
2025-12-25 00:00:00,1.1489090822828102e+20
2025-12-26 00:00:00,1.148558816443624e+20
2025-12-29 00:00:00,1.1428576340035984e+20
2025-12-30 00:00:00,1.1411417228152626e+20
2025-12-31 00:00:00,1.1294113042019485e+20
2026-01-02 00:00:00,1.0822575279766733e+20
2026-01-05 00:00:00,1.0510305559505597e+20
2026-01-06 00:00:00,1.0775483811524564e+20
2026-01-07 00:00:00,1.0753726850108639e+20
2026-01-08 00:00:00,1.063966321509774e+20
2026-01-09 00:00:00,1.084316702103735e+20
2026-01-12 00:00:00,1.1451027208610921e+20
2026-01-13 00:00:00,1.1143554558588486e+20
2026-01-14 00:00:00,1.1117214178040617e+20
2026-01-15 00:00:00,1.1187526061531333e+20
2026-01-16 00:00:00,1.1295423537779222e+20
2026-01-19 00:00:00,1.1294472384018896e+20
2026-01-20 00:00:00,1.1221293347394712e+20
2026-01-21 00:00:00,1.1403653620048988e+20
2026-01-22 00:00:00,1.1557163013594042e+20
2026-01-23 00:00:00,1.1516870302314145e+20
2026-01-26 00:00:00,1.1459289876635112e+20
2026-01-27 00:00:00,1.1692915634681438e+20
2026-01-28 00:00:00,1.1778986621060329e+20
2026-01-29 00:00:00,1.1704345800728753e+20
2026-01-30 00:00:00,1.1398517807582734e+20
2026-02-02 00:00:00,1.1541797149850572e+20
2026-02-03 00:00:00,1.1460127316339386e+20
2026-02-04 00:00:00,1.1211531667429125e+20
2026-02-05 00:00:00,1.1268277818260459e+20
2026-02-06 00:00:00,1.1578952952171522e+20
2026-02-09 00:00:00,1.152420906919747e+20
2026-02-10 00:00:00,1.1581310725751507e+20
2026-02-11 00:00:00,5.002908228882781e+19
2026-02-12 00:00:00,4.0106665834643005e+21
2026-02-13 00:00:00,4.019841377992454e+21
2026-02-16 00:00:00,3.972021303483165e+21
2026-02-17 00:00:00,3.96805577346101e+21
2026-02-18 00:00:00,4.0310939101207326e+21
2026-02-19 00:00:00,4.034364146876357e+21
2026-02-20 00:00:00,3.9926027461055317e+21
2026-02-23 00:00:00,1.6405634166186448e+21
2026-02-24 00:00:00,1.2894326140487897e+23
2026-02-25 00:00:00,1.2983827178633989e+23
2026-02-26 00:00:00,1.2919621720904177e+23
2026-02-27 00:00:00,1.299090518406919e+23
2026-03-02 00:00:00,1.292402481111241e+23
2026-03-03 00:00:00,1.2288570496247731e+23
2026-03-04 00:00:00,1.2404799940400906e+23
2026-03-05 00:00:00,1.2250272734143472e+23
2026-03-06 00:00:00,1.1805139575396302e+23
2026-03-09 00:00:00,1.2037656302407896e+23
2026-03-10 00:00:00,1.228173144084291e+23
2026-03-11 00:00:00,1.2389456129388762e+23
2026-03-12 00:00:00,1.2062487201132999e+23
2026-03-13 00:00:00,1.2096449404456781e+23
2026-03-16 00:00:00,1.2320571805179953e+23
2026-03-17 00:00:00,1.2501401572245945e+23
2026-03-18 00:00:00,1.2376160733734115e+23
2026-03-19 00:00:00,1.2228003169738876e+23
2026-03-20 00:00:00,1.1938573421338119e+23
2026-03-23 00:00:00,1.1961229908919335e+23
2026-03-24 00:00:00,1.2058823572093887e+23
2026-03-25 00:00:00,1.2098249554567136e+23
2026-03-26 00:00:00,1.1568974492894717e+23
2026-03-27 00:00:00,1.1559411257194261e+23
2026-03-30 00:00:00,1.121338621415755e+23
2026-03-31 00:00:00,1.1655819439859016e+23
2026-04-01 00:00:00,1.1840069209898932e+23
2026-04-02 00:00:00,1.1841497180463591e+23
2026-04-03 00:00:00,1.1854496689661509e+23
2026-04-06 00:00:00,1.1934563721502624e+23
2026-04-07 00:00:00,1.1953715267594836e+23
2026-04-08 00:00:00,1.2169853703145866e+23
2026-04-09 00:00:00,1.2336279323276087e+23
2026-04-10 00:00:00,1.232734719035373e+23
2026-04-13 00:00:00,1.2374157463895325e+23
2026-04-14 00:00:00,1.2500496442257022e+23
2026-04-15 00:00:00,1.228155165096197e+23
2026-04-16 00:00:00,1.2352217840086576e+23
2026-04-17 00:00:00,1.2178983167739756e+23
2026-04-20 00:00:00,1.2193670900270764e+23
2026-04-21 00:00:00,1.225610510329003e+23
2026-04-22 00:00:00,1.2486126263809015e+23
2026-04-23 00:00:00,1.2478453524956151e+23
